,CNPJ,NOME,ENDEREÇO,COMPLEMENTO,BAIRRO,MUNICÍPIO,UF,PRODUTO,VALOR VENDA,DATA CADASTRO
0,00062780000102,AUTO POSTO PARATI,"AVENIDA FILINTO MULLER,645",,CENTRO,TRES LAGOAS,MS,Gasolina C Comum,4.4360,28/06/2018
1,00062780000102,AUTO POSTO PARATI,"AVENIDA FILINTO MULLER,645",,CENTRO,TRES LAGOAS,MS,Etanol,3.4820,'28/06/2018
2,00062780000102,AUTO POSTO PARATI,"AVENIDA FILINTO MULLER,645",,CENTRO,TRES LAGOAS,MS,Diesel S500,3.6440,'28/06/2018
3,00062780000102,AUTO POSTO PARATI,"AVENIDA FILINTO MULLER,645",,CENTRO,TRES LAGOAS,MS,Diesel S10,3.7340,'28/06/2018
4,00300357000195,POSTO E TRANSPORTADORA PEGORARO,"RODOVIA BR 163,S/N",KM 786,ZONA RURAL,COXIM,MS,Gasolina C Comum,4.3490,'09/12/2018
5,00300357000195,POSTO E TRANSPORTADORA PEGORARO,"RODOVIA BR 163,S/N",KM 786,ZONA RURAL,COXIM,MS,Etanol,3.5990,'09/12/2018
6,00300357000195,POSTO E TRANSPORTADORA PEGORARO,"RODOVIA BR 163,S/N",KM 786,ZONA RURAL,COXIM,MS,Diesel S500,3.4990,'09/12/2018
7,00300357000195,POSTO E TRANSPORTADORA PEGORARO,"RODOVIA BR 163,S/N",KM 786,ZONA RURAL,COXIM,MS,Diesel S10,3.5990,'09/12/2018
8,00360990000179,POSTO DOS ANOES LTDA,"QUADRA SHC/SUL SQ,315",BLOCO A PLL 01,ASA SUL,BRASILIA,DF,Gasolina C Comum,4.2890,'28/11/2018
9,00360990000179,POSTO DOS ANOES LTDA,"QUADRA SHC/SUL SQ,315",BLOCO A PLL 01,ASA SUL,BRASILIA,DF,Etanol,3.4900,'28/11/2018
10,00360990000179,POSTO DOS ANOES LTDA,"QUADRA SHC/SUL SQ,315",BLOCO A PLL 01,ASA SUL,BRASILIA,DF,Diesel S10,4.0500,'28/11/2018
11,00480284000160,POSTO CENTRAL,"AVENIDA GUAXENDUBA,200",,CENTRO,SAO LUIS,MA,Gasolina C Comum,4.1690,'13/11/2018
12,00480284000160,POSTO CENTRAL,"AVENIDA GUAXENDUBA,200",,CENTRO,SAO LUIS,MA,Diesel S10,3.6590,'13/11/2018
13,00593430000164,AUTO POSTO BRINATI," LINHA MC-06,6190",TERREO,INDUSTRIAL,MACHADINHO D'OESTE,RO,Gasolina C Comum,4.8000,'04/07/2018
14,00593430000164,AUTO POSTO BRINATI," LINHA MC-06,6190",TERREO,INDUSTRIAL,MACHADINHO D'OESTE,RO,Diesel S500,3.7800,'04/07/2018
15,00593430000245,AUTO POSTO BRINATI,"LINHA SME 02,S/N","KM 72 - LOTE 01, QUADRA 01 - NÚCLEO SANTA MARIA",ZONA RURAL,MACHADINHO D'OESTE,RO,Gasolina C Comum,4.8000,'06/08/2018
16,00593430000245,AUTO POSTO BRINATI,"LINHA SME 02,S/N","KM 72 - LOTE 01, QUADRA 01 - NÚCLEO SANTA MARIA",ZONA RURAL,MACHADINHO D'OESTE,RO,Diesel S500,3.8100,'06/08/2018
17,00860197000139,POSTO NOSSA SENHORA DA CONCEICAO,"RUA EDUARDO SANTOS PEREIRA,601",,JARDIM BRASIL,CAMPO GRANDE,MS,Gasolina C Comum,4.2580,'21/11/2018
18,00860197000139,POSTO NOSSA SENHORA DA CONCEICAO,"RUA EDUARDO SANTOS PEREIRA,601",,JARDIM BRASIL,CAMPO GRANDE,MS,Etanol,3.2990,'21/11/2018
19,00860197000139,POSTO NOSSA SENHORA DA CONCEICAO,"RUA EDUARDO SANTOS PEREIRA,601",,JARDIM BRASIL,CAMPO GRANDE,MS,Diesel S500,3.5990,'21/11/2018
20,00860197000139,POSTO NOSSA SENHORA DA CONCEICAO,"RUA EDUARDO SANTOS PEREIRA,601",,JARDIM BRASIL,CAMPO GRANDE,MS,Diesel S10,3.6990,'21/11/2018
21,00976256000139,CEU 070 COMBUSTIVEIS LTDA," LOTE 499 GLEBA 04 PROJ INTEG,S/N",ALEXANDRE GUSMAO,CEILANDIA,BRASILIA,DF,Gasolina C Comum,4.6870,'09/10/2018
22,00976256000139,CEU 070 COMBUSTIVEIS LTDA," LOTE 499 GLEBA 04 PROJ INTEG,S/N",ALEXANDRE GUSMAO,CEILANDIA,BRASILIA,DF,Diesel S500,3.7990,'09/10/2018
23,00976256000139,CEU 070 COMBUSTIVEIS LTDA," LOTE 499 GLEBA 04 PROJ INTEG,S/N",ALEXANDRE GUSMAO,CEILANDIA,BRASILIA,DF,Diesel S10,3.8990,'09/10/2018
24,00976256000139,CEU 070 COMBUSTIVEIS LTDA," LOTE 499 GLEBA 04 PROJ INTEG,S/N",ALEXANDRE GUSMAO,CEILANDIA,BRASILIA,DF,Etanol,3.2990,'09/10/2018
25,01088431000114,POSTO SAMBAREIA,"ACESSO BR 316 KM 27,S/N",,ZONA RURAL,DEMERVAL LOBAO,PI,Gasolina C Comum,4.6990,'11/04/2019
26,01088431000114,POSTO SAMBAREIA,"ACESSO BR 316 KM 27,S/N",,ZONA RURAL,DEMERVAL LOBAO,PI,Diesel S500,3.5290,'28/03/2019
27,01088431000114,POSTO SAMBAREIA,"ACESSO BR 316 KM 27,S/N",,ZONA RURAL,DEMERVAL LOBAO,PI,Diesel S10,3.5490,'28/03/2019
28,01109449000155,RODOCAMP AUTO SERVICE LTDA,"AVENIDA MERCEDES BENZ,01",GLEBA 1                   QT 8907,DISTRITO INDUSTRIAL,CAMPINAS,SP,Gasolina C Comum,4.2990,'23/01/2019
29,01109449000155,RODOCAMP AUTO SERVICE LTDA,"AVENIDA MERCEDES BENZ,01",GLEBA 1                   QT 8907,DISTRITO INDUSTRIAL,CAMPINAS,SP,Etanol,2.8990,'19/02/2019
30,01109449000155,RODOCAMP AUTO SERVICE LTDA,"AVENIDA MERCEDES BENZ,01",GLEBA 1                   QT 8907,DISTRITO INDUSTRIAL,CAMPINAS,SP,GNV,2.9990,'19/02/2019
31,01109449000155,RODOCAMP AUTO SERVICE LTDA,"AVENIDA MERCEDES BENZ,01",GLEBA 1                   QT 8907,DISTRITO INDUSTRIAL,CAMPINAS,SP,Diesel S500,3.5990,'23/01/2019
32,01109449000155,RODOCAMP AUTO SERVICE LTDA,"AVENIDA MERCEDES BENZ,01",GLEBA 1                   QT 8907,DISTRITO INDUSTRIAL,CAMPINAS,SP,Diesel S10,3.6990,'23/01/2019
33,01138114000165,POSTO JK,"RODOVIA BR 040 KM 102,S N",,,CRISTALINA,GO,Gasolina C Comum,4.7400,'17/04/2019
34,01138114000165,POSTO JK,"RODOVIA BR 040 KM 102,S N",,,CRISTALINA,GO,Etanol,3.1900,'17/04/2019
35,01138114000165,POSTO JK,"RODOVIA BR 040 KM 102,S N",,,CRISTALINA,GO,Diesel S500,3.7200,'18/04/2019
36,01138114000165,POSTO JK,"RODOVIA BR 040 KM 102,S N",,,CRISTALINA,GO,Diesel S10,3.7900,'18/04/2019
37,01182484000108,POSTO CHAPARRAL,"AVENIDA LINO SAMPAIO,83",,SAMPAIO,PIRES DO RIO,GO,Gasolina C Comum,4.7200,'10/08/2018
38,01182484000108,POSTO CHAPARRAL,"AVENIDA LINO SAMPAIO,83",,SAMPAIO,PIRES DO RIO,GO,Etanol,2.9900,'10/08/2018
39,01182484000108,POSTO CHAPARRAL,"AVENIDA LINO SAMPAIO,83",,SAMPAIO,PIRES DO RIO,GO,Diesel S500,3.4900,'10/08/2018
40,01182484000108,POSTO CHAPARRAL,"AVENIDA LINO SAMPAIO,83",,SAMPAIO,PIRES DO RIO,GO,Diesel S10,3.5900,'10/08/2018
41,01308133000273,POSTO TRES FAZENDAS,"RODOVIA BR 116,14219",,COSTEIRA,SAO JOSE DOS PINHAIS,PR,Gasolina C Comum,4.3900,'25/09/2018
42,01308133000273,POSTO TRES FAZENDAS,"RODOVIA BR 116,14219",,COSTEIRA,SAO JOSE DOS PINHAIS,PR,Diesel S500,3.4700,'25/09/2018
43,01308133000273,POSTO TRES FAZENDAS,"RODOVIA BR 116,14219",,COSTEIRA,SAO JOSE DOS PINHAIS,PR,Diesel S10,3.5700,'25/09/2018
44,01332532000199,AUTO POSTO MILENIO LTDA,"RUA BAHIA,1408",,VILA ROSA,CAMPO GRANDE,MS,Gasolina C Comum,4.0990,'15/04/2019
45,01332532000199,AUTO POSTO MILENIO LTDA,"RUA BAHIA,1408",,VILA ROSA,CAMPO GRANDE,MS,Etanol,3.2990,'15/04/2019
46,01332532000199,AUTO POSTO MILENIO LTDA,"RUA BAHIA,1408",,VILA ROSA,CAMPO GRANDE,MS,Diesel S10,3.5990,'15/04/2019
47,01392476000188,POSTO MODELO,"AVENIDA MANOEL INACIO PEIXOTO,624",,BEIRA RIO,CATAGUASES,MG,Gasolina C Comum,4.8490,'17/04/2019
48,01392476000188,POSTO MODELO,"AVENIDA MANOEL INACIO PEIXOTO,624",,BEIRA RIO,CATAGUASES,MG,Etanol,3.2990,'17/04/2019
49,01392476000188,POSTO MODELO,"AVENIDA MANOEL INACIO PEIXOTO,624",,BEIRA RIO,CATAGUASES,MG,Diesel S500,3.6990,'17/04/2019
50,01392476000188,POSTO MODELO,"AVENIDA MANOEL INACIO PEIXOTO,624",,BEIRA RIO,CATAGUASES,MG,Diesel S10,3.7990,'17/04/2019
51,01416988000137,POSTO 10,"RODOVIA BR 343 KM 10,S/N",,RODOVIA,TERESINA,PI,Gasolina C Comum,4.5990,'20/04/2019
52,01416988000137,POSTO 10,"RODOVIA BR 343 KM 10,S/N",,RODOVIA,TERESINA,PI,Diesel S500,3.5990,'20/04/2019
53,01416988000137,POSTO 10,"RODOVIA BR 343 KM 10,S/N",,RODOVIA,TERESINA,PI,Diesel S10,3.6990,'20/04/2019
54,01416988000137,POSTO 10,"RODOVIA BR 343 KM 10,S/N",,RODOVIA,TERESINA,PI,Etanol,3.7990,'20/04/2019
55,01443559000159,ROGER SOUZA DA SILVA - EPP,"ESTRADA BR 293 KM 108,SN",,ZONA URBANA,PINHEIRO MACHADO,RS,Gasolina C Comum,4.6900,'18/03/2019
56,01443559000159,ROGER SOUZA DA SILVA - EPP,"ESTRADA BR 293 KM 108,SN",,ZONA URBANA,PINHEIRO MACHADO,RS,Diesel S500,3.4300,'07/03/2019
57,01443559000159,ROGER SOUZA DA SILVA - EPP,"ESTRADA BR 293 KM 108,SN",,ZONA URBANA,PINHEIRO MACHADO,RS,Diesel S10,3.5400,'07/03/2019
58,01574763000109,AUTO POSTO MUTUM LTDA,"RODOVIA BR 262,S/N",KM 175,ZONA RURAL,RIBAS DO RIO PARDO,MS,Gasolina C Comum,4.6460,'11/07/2018
59,01574763000109,AUTO POSTO MUTUM LTDA,"RODOVIA BR 262,S/N",KM 175,ZONA RURAL,RIBAS DO RIO PARDO,MS,Etanol,3.4560,'11/07/2018
60,01574763000109,AUTO POSTO MUTUM LTDA,"RODOVIA BR 262,S/N",KM 175,ZONA RURAL,RIBAS DO RIO PARDO,MS,Diesel S500,3.3460,'11/07/2018
61,01574763000109,AUTO POSTO MUTUM LTDA,"RODOVIA BR 262,S/N",KM 175,ZONA RURAL,RIBAS DO RIO PARDO,MS,Diesel S10,3.4060,'11/07/2018
62,01828198000169,POSTO DE SERVICOS CIDADE DO MAR,"AVENIDA EDGAR SCHENEIDER,877",,CURUMIN,CAPAO DA CANOA,RS,Gasolina C Comum,4.6900,'21/04/2019
63,01828198000169,POSTO DE SERVICOS CIDADE DO MAR,"AVENIDA EDGAR SCHENEIDER,877",,CURUMIN,CAPAO DA CANOA,RS,Diesel S500,3.3900,'21/04/2019
64,01828198000169,POSTO DE SERVICOS CIDADE DO MAR,"AVENIDA EDGAR SCHENEIDER,877",,CURUMIN,CAPAO DA CANOA,RS,Diesel S10,3.4900,'21/04/2019
65,01828198000169,POSTO DE SERVICOS CIDADE DO MAR,"AVENIDA EDGAR SCHENEIDER,877",,CURUMIN,CAPAO DA CANOA,RS,Etanol,4.6900,'21/04/2019
66,01935272000146,POSTOS MOURA,"RODOVIA BR 232,204",KM    182,SANTO ANTONIO,BELO JARDIM,PE,Gasolina C Comum,4.4390,'04/07/2018
67,01935272000146,POSTOS MOURA,"RODOVIA BR 232,204",KM    182,SANTO ANTONIO,BELO JARDIM,PE,Etanol,3.4990,'04/07/2018
68,01935272000146,POSTOS MOURA,"RODOVIA BR 232,204",KM    182,SANTO ANTONIO,BELO JARDIM,PE,Diesel S500,3.3690,'04/07/2018
69,01935272000146,POSTOS MOURA,"RODOVIA BR 232,204",KM    182,SANTO ANTONIO,BELO JARDIM,PE,Diesel S10,3.3890,'04/07/2018
70,02056229000173,POSTO FRANKLIN REZENDE LTDA,"RODOVIA MG 367,S/N",KM 278,ZONA RURAL,ARACUAI,MG,Gasolina C Comum,5.4800,'16/10/2018
71,02056229000173,POSTO FRANKLIN REZENDE LTDA,"RODOVIA MG 367,S/N",KM 278,ZONA RURAL,ARACUAI,MG,Etanol,3.4800,'16/10/2018
72,02056229000173,POSTO FRANKLIN REZENDE LTDA,"RODOVIA MG 367,S/N",KM 278,ZONA RURAL,ARACUAI,MG,Diesel S500,4.0700,'16/10/2018
73,02056229000173,POSTO FRANKLIN REZENDE LTDA,"RODOVIA MG 367,S/N",KM 278,ZONA RURAL,ARACUAI,MG,Diesel S10,4.1200,'16/10/2018
74,02078330000125,SAO MARTINHO AUTO SERVICE LTDA,"AVENIDA SAO JOSE DOS CAMPOS,2500",,LOTEAMENTO PARQUE SAO MARTINHO,CAMPINAS,SP,Gasolina C Comum,4.0990,'23/01/2019
75,02078330000125,SAO MARTINHO AUTO SERVICE LTDA,"AVENIDA SAO JOSE DOS CAMPOS,2500",,LOTEAMENTO PARQUE SAO MARTINHO,CAMPINAS,SP,Etanol,2.7990,'29/01/2019
76,02078330000125,SAO MARTINHO AUTO SERVICE LTDA,"AVENIDA SAO JOSE DOS CAMPOS,2500",,LOTEAMENTO PARQUE SAO MARTINHO,CAMPINAS,SP,Diesel S500,3.5990,'23/01/2019
77,02078330000125,SAO MARTINHO AUTO SERVICE LTDA,"AVENIDA SAO JOSE DOS CAMPOS,2500",,LOTEAMENTO PARQUE SAO MARTINHO,CAMPINAS,SP,Diesel S10,3.6990,'23/01/2019
78,02308408000150,POSTO DE COMBUSTIVEL DA FIGUEIRA LTDA,"RODOVIA RS 040 KM 18,3536",,AGUAS CLARAS,VIAMAO,RS,Gasolina C Comum,4.6990,'21/03/2019
79,02308408000150,POSTO DE COMBUSTIVEL DA FIGUEIRA LTDA,"RODOVIA RS 040 KM 18,3536",,AGUAS CLARAS,VIAMAO,RS,Etanol,4.1990,'21/03/2019
80,02308408000150,POSTO DE COMBUSTIVEL DA FIGUEIRA LTDA,"RODOVIA RS 040 KM 18,3536",,AGUAS CLARAS,VIAMAO,RS,GNV,3.4990,'21/03/2019
81,02308408000150,POSTO DE COMBUSTIVEL DA FIGUEIRA LTDA,"RODOVIA RS 040 KM 18,3536",,AGUAS CLARAS,VIAMAO,RS,Diesel S500,3.4990,'21/03/2019
82,02308408000150,POSTO DE COMBUSTIVEL DA FIGUEIRA LTDA,"RODOVIA RS 040 KM 18,3536",,AGUAS CLARAS,VIAMAO,RS,Diesel S10,3.6990,'21/03/2019
83,02315421000137,POSTO 1350 LTDA,"RUA HEITOR LIBERATO,2430",,SAO JOAO,ITAJAI,SC,Gasolina C Comum,3.7990,'14/08/2018
84,02315421000137,POSTO 1350 LTDA,"RUA HEITOR LIBERATO,2430",,SAO JOAO,ITAJAI,SC,Etanol,3.2990,'14/08/2018
85,02315421000137,POSTO 1350 LTDA,"RUA HEITOR LIBERATO,2430",,SAO JOAO,ITAJAI,SC,Diesel S10,3.2990,'14/08/2018
86,02433811000101,POSTO NAVES,"RODOVIA BR 153,S/N",KM 722,CENTRO,FIGUEIROPOLIS,TO,Gasolina C Comum,4.8990,'11/07/2018
87,02433811000101,POSTO NAVES,"RODOVIA BR 153,S/N",KM 722,CENTRO,FIGUEIROPOLIS,TO,Etanol,3.8990,'11/07/2018
88,02433811000101,POSTO NAVES,"RODOVIA BR 153,S/N",KM 722,CENTRO,FIGUEIROPOLIS,TO,Diesel S500,3.6390,'11/07/2018
89,02433811000101,POSTO NAVES,"RODOVIA BR 153,S/N",KM 722,CENTRO,FIGUEIROPOLIS,TO,Diesel S10,3.7390,'11/07/2018
90,02455511000123,AUTO POSTO 020,"RODOVIA BR 020,SN",KM    30,DISTRITO DO BEZERRA,FORMOSA,GO,Gasolina C Comum,4.4590,'20/04/2019
91,02455511000123,AUTO POSTO 020,"RODOVIA BR 020,SN",KM    30,DISTRITO DO BEZERRA,FORMOSA,GO,Etanol,3.1600,'20/04/2019
92,02455511000123,AUTO POSTO 020,"RODOVIA BR 020,SN",KM    30,DISTRITO DO BEZERRA,FORMOSA,GO,Diesel S500,3.5790,'18/04/2019
93,02455511000123,AUTO POSTO 020,"RODOVIA BR 020,SN",KM    30,DISTRITO DO BEZERRA,FORMOSA,GO,Diesel S10,3.6290,'18/04/2019
94,02513158000190,POSTO CENTRAL HS,"AVENIDA ADELINO AMÉRICO DE AZEVEDO,161/163",,CENTRO,PORANGATU,GO,Gasolina C Comum,4.8400,'21/03/2019
95,02513158000190,POSTO CENTRAL HS,"AVENIDA ADELINO AMÉRICO DE AZEVEDO,161/163",,CENTRO,PORANGATU,GO,Etanol,3.2500,'11/04/2019
96,02513158000190,POSTO CENTRAL HS,"AVENIDA ADELINO AMÉRICO DE AZEVEDO,161/163",,CENTRO,PORANGATU,GO,Diesel S500,3.5700,'21/03/2019
97,02513158000190,POSTO CENTRAL HS,"AVENIDA ADELINO AMÉRICO DE AZEVEDO,161/163",,CENTRO,PORANGATU,GO,Diesel S10,3.9400,'21/03/2019
98,02562482000107,POSTO ITAMARATY LEME,"AVENIDA VISCONDE DE NOVA GRANADA,1500",,VILA GROSSKLAUSS,LEME,SP,Gasolina C Comum,3.7990,'30/01/2019
99,02562482000107,POSTO ITAMARATY LEME,"AVENIDA VISCONDE DE NOVA GRANADA,1500",,VILA GROSSKLAUSS,LEME,SP,Etanol,2.4990,'30/01/2019
100,02737116000133,AUTO POSTO RIO BRANCO DE ANDRADAS LTDA,"RUA CEL OLIVEIRA,786",,CENTRO,ANDRADAS,MG,Gasolina C Comum,4.7790,'18/04/2019
101,02737116000133,AUTO POSTO RIO BRANCO DE ANDRADAS LTDA,"RUA CEL OLIVEIRA,786",,CENTRO,ANDRADAS,MG,Etanol,3.1490,'23/04/2019
102,02737116000133,AUTO POSTO RIO BRANCO DE ANDRADAS LTDA,"RUA CEL OLIVEIRA,786",,CENTRO,ANDRADAS,MG,Diesel S500,3.6490,'18/04/2019
103,02737116000133,AUTO POSTO RIO BRANCO DE ANDRADAS LTDA,"RUA CEL OLIVEIRA,786",,CENTRO,ANDRADAS,MG,Diesel S10,3.6990,'18/04/2019
104,02930356000150,AUTO POSTO TOCANTINS,"AVENIDA BERNARDO SAYAO,3160",,CENTRO,GUARAI,TO,Gasolina C Comum,4.7990,'13/07/2018
105,02930356000150,AUTO POSTO TOCANTINS,"AVENIDA BERNARDO SAYAO,3160",,CENTRO,GUARAI,TO,Diesel S500,3.4490,'13/07/2018
106,02930356000150,AUTO POSTO TOCANTINS,"AVENIDA BERNARDO SAYAO,3160",,CENTRO,GUARAI,TO,Diesel S10,3.4990,'13/07/2018
107,03006726000120,POSTO PILOTO,"AVENIDA AFONSO PENA,800",,AMAMBAI,CAMPO GRANDE,MS,Gasolina C Comum,4.0970,'29/06/2018
108,03006726000120,POSTO PILOTO,"AVENIDA AFONSO PENA,800",,AMAMBAI,CAMPO GRANDE,MS,Etanol,3.2970,'29/06/2018
109,03006726000120,POSTO PILOTO,"AVENIDA AFONSO PENA,800",,AMAMBAI,CAMPO GRANDE,MS,Diesel S10,3.5870,'29/06/2018
110,03096030000131,POSTO ALTO ALEGRE,"AVENIDA TANCREDO NEVES,3774",,CENTRO,ALTO ALEGRE DOS PARECIS,RO,Gasolina C Comum,4.8500,'11/07/2018
111,03096030000131,POSTO ALTO ALEGRE,"AVENIDA TANCREDO NEVES,3774",,CENTRO,ALTO ALEGRE DOS PARECIS,RO,Diesel S500,3.7500,'11/07/2018
112,03096030000131,POSTO ALTO ALEGRE,"AVENIDA TANCREDO NEVES,3774",,CENTRO,ALTO ALEGRE DOS PARECIS,RO,Diesel S10,3.8000,'11/07/2018
113,03121901000120,POSTO SAVANA,"RODOVIA BR-163,17846",,CHACARA DAS MANSOES,CAMPO GRANDE,MS,Gasolina C Comum,4.1990,'05/07/2018
114,03121901000120,POSTO SAVANA,"RODOVIA BR-163,17846",,CHACARA DAS MANSOES,CAMPO GRANDE,MS,Etanol,2.9990,'06/07/2018
115,03121901000120,POSTO SAVANA,"RODOVIA BR-163,17846",,CHACARA DAS MANSOES,CAMPO GRANDE,MS,Diesel S500,3.3900,'05/07/2018
116,03121901000120,POSTO SAVANA,"RODOVIA BR-163,17846",,CHACARA DAS MANSOES,CAMPO GRANDE,MS,Diesel S10,3.4900,'05/07/2018
117,03200588000115,POSTO SAFRA LTDA,"RODOVIA SC-480, CHAPECO GOIO-EN,943","E, FRENTE",QUEDAS DO PALMITAL,CHAPECO,SC,Gasolina C Comum,4.4490,'25/09/2018
118,03200588000115,POSTO SAFRA LTDA,"RODOVIA SC-480, CHAPECO GOIO-EN,943","E, FRENTE",QUEDAS DO PALMITAL,CHAPECO,SC,Diesel S500,3.3990,'25/09/2018
119,03200588000115,POSTO SAFRA LTDA,"RODOVIA SC-480, CHAPECO GOIO-EN,943","E, FRENTE",QUEDAS DO PALMITAL,CHAPECO,SC,Diesel S10,3.4690,'25/09/2018
120,03572731000108,GLOBO COMBUSTIVEIS,"RUA SENADOR SOUZA NAVES,720",,CENTRO,SERTANOPOLIS,PR,Gasolina C Comum,4.6490,'12/07/2018
121,03572731000108,GLOBO COMBUSTIVEIS,"RUA SENADOR SOUZA NAVES,720",,CENTRO,SERTANOPOLIS,PR,Etanol,2.9900,'12/07/2018
122,03572731000108,GLOBO COMBUSTIVEIS,"RUA SENADOR SOUZA NAVES,720",,CENTRO,SERTANOPOLIS,PR,Diesel S500,3.3300,'12/07/2018
123,03572731000108,GLOBO COMBUSTIVEIS,"RUA SENADOR SOUZA NAVES,720",,CENTRO,SERTANOPOLIS,PR,Diesel S10,3.4200,'12/07/2018
124,03572866000165,AUTO POSTO POROROCA XV,"AVENIDA BANDEIRANTES,2390",,VILA BANDEIRANTES,CAMPO GRANDE,MS,Gasolina C Comum,3.9990,'13/12/2018
125,03572866000165,AUTO POSTO POROROCA XV,"AVENIDA BANDEIRANTES,2390",,VILA BANDEIRANTES,CAMPO GRANDE,MS,Etanol,2.9990,'13/12/2018
126,03572866000165,AUTO POSTO POROROCA XV,"AVENIDA BANDEIRANTES,2390",,VILA BANDEIRANTES,CAMPO GRANDE,MS,Diesel S500,3.4990,'13/12/2018
127,03572866000165,AUTO POSTO POROROCA XV,"AVENIDA BANDEIRANTES,2390",,VILA BANDEIRANTES,CAMPO GRANDE,MS,Diesel S10,3.5990,'13/12/2018
128,03734859000112,POSTO UNIAO,"RUA JOSE DE ALENCAR LEITE,37",,CENTRO,SANTO ANTONIO DE PADUA,RJ,Gasolina C Comum,5.3990,'09/10/2018
129,03734859000112,POSTO UNIAO,"RUA JOSE DE ALENCAR LEITE,37",,CENTRO,SANTO ANTONIO DE PADUA,RJ,Etanol,3.4990,'09/10/2018
130,03734859000112,POSTO UNIAO,"RUA JOSE DE ALENCAR LEITE,37",,CENTRO,SANTO ANTONIO DE PADUA,RJ,Diesel S500,3.7500,'09/10/2018
131,03734859000112,POSTO UNIAO,"RUA JOSE DE ALENCAR LEITE,37",,CENTRO,SANTO ANTONIO DE PADUA,RJ,Diesel S10,3.8500,'09/10/2018
132,03754107000113,AUTO POSTO IRMAOS LEITE,"AVENIDA JK,3525",BR 364 KM 426,SETOR INDUSTRIAL,JARU,RO,Diesel S500,3.9800,'26/02/2019
133,03754107000113,AUTO POSTO IRMAOS LEITE,"AVENIDA JK,3525",BR 364 KM 426,SETOR INDUSTRIAL,JARU,RO,Diesel S10,4.0800,'26/02/2019
134,03754107000113,AUTO POSTO IRMAOS LEITE,"AVENIDA JK,3525",BR 364 KM 426,SETOR INDUSTRIAL,JARU,RO,Gasolina C Comum,4.7500,'15/04/2019
135,03754107000113,AUTO POSTO IRMAOS LEITE,"AVENIDA JK,3525",BR 364 KM 426,SETOR INDUSTRIAL,JARU,RO,Etanol,3.9900,'31/01/2019
136,03763006000109,AUTO POSTO PUMA,"AVENIDA JOAO BATISTA FIGUEIREDO,2636",,CENTRO,SAO MIGUEL DO GUAPORE,RO,Gasolina C Comum,4.8500,'29/06/2018
137,03763006000109,AUTO POSTO PUMA,"AVENIDA JOAO BATISTA FIGUEIREDO,2636",,CENTRO,SAO MIGUEL DO GUAPORE,RO,Etanol,4.2900,'29/06/2018
138,03763006000109,AUTO POSTO PUMA,"AVENIDA JOAO BATISTA FIGUEIREDO,2636",,CENTRO,SAO MIGUEL DO GUAPORE,RO,Diesel S500,3.7900,'29/06/2018
139,03763006000109,AUTO POSTO PUMA,"AVENIDA JOAO BATISTA FIGUEIREDO,2636",,CENTRO,SAO MIGUEL DO GUAPORE,RO,Diesel S10,3.8400,'29/06/2018
140,03807435000130,AUTO POSTO PEROBINHA,"AVENIDA ANTONIO JOAQUIM DE MOURA ANDRADE,1100",,CENTRO,NOVA ANDRADINA,MS,Gasolina C Comum,4.6490,'18/04/2019
141,03807435000130,AUTO POSTO PEROBINHA,"AVENIDA ANTONIO JOAQUIM DE MOURA ANDRADE,1100",,CENTRO,NOVA ANDRADINA,MS,Etanol,3.6990,'18/04/2019
142,03807435000130,AUTO POSTO PEROBINHA,"AVENIDA ANTONIO JOAQUIM DE MOURA ANDRADE,1100",,CENTRO,NOVA ANDRADINA,MS,Diesel S500,3.7590,'22/04/2019
143,03807435000130,AUTO POSTO PEROBINHA,"AVENIDA ANTONIO JOAQUIM DE MOURA ANDRADE,1100",,CENTRO,NOVA ANDRADINA,MS,Diesel S10,3.8590,'22/04/2019
144,03822836000160,POSTO EUROGAZ,"AVENIDA GOVERNADOR LEONEL DE MOURA BRIZOLA,933B",,CENTRO,DUQUE DE CAXIAS,RJ,Gasolina C Comum,4.9900,'12/07/2018
145,03822836000160,POSTO EUROGAZ,"AVENIDA GOVERNADOR LEONEL DE MOURA BRIZOLA,933B",,CENTRO,DUQUE DE CAXIAS,RJ,Etanol,3.4900,'12/07/2018
146,03822836000160,POSTO EUROGAZ,"AVENIDA GOVERNADOR LEONEL DE MOURA BRIZOLA,933B",,CENTRO,DUQUE DE CAXIAS,RJ,GNV,2.7990,'12/07/2018
147,03822836000160,POSTO EUROGAZ,"AVENIDA GOVERNADOR LEONEL DE MOURA BRIZOLA,933B",,CENTRO,DUQUE DE CAXIAS,RJ,Diesel S10,3.5300,'12/07/2018
148,03914236000121,RALLY AUTO POSTO,"VIA DE ACESSO PEDRO CARLETTO,500",,JARDIM SESQUICENTENARIO,TAQUARITINGA,SP,Gasolina C Comum,4.2490,'14/03/2019
149,03914236000121,RALLY AUTO POSTO,"VIA DE ACESSO PEDRO CARLETTO,500",,JARDIM SESQUICENTENARIO,TAQUARITINGA,SP,Etanol,2.7990,'14/03/2019
150,03914236000121,RALLY AUTO POSTO,"VIA DE ACESSO PEDRO CARLETTO,500",,JARDIM SESQUICENTENARIO,TAQUARITINGA,SP,Diesel S500,3.4990,'14/03/2019
151,03914236000121,RALLY AUTO POSTO,"VIA DE ACESSO PEDRO CARLETTO,500",,JARDIM SESQUICENTENARIO,TAQUARITINGA,SP,Diesel S10,3.5990,'14/03/2019
152,03922066000127,POSTO F1 RACING LTDA,"AVENIDA 22 DE MAIO,2952","LOTE 05, QUADRA 05",LOTEAMENTO SANTO EXPEDITO / 1º DISTRITO,ITABORAI,RJ,Gasolina C Comum,4.9990,'18/04/2019
153,03922066000127,POSTO F1 RACING LTDA,"AVENIDA 22 DE MAIO,2952","LOTE 05, QUADRA 05",LOTEAMENTO SANTO EXPEDITO / 1º DISTRITO,ITABORAI,RJ,Etanol,4.2990,'18/04/2019
154,03922066000127,POSTO F1 RACING LTDA,"AVENIDA 22 DE MAIO,2952","LOTE 05, QUADRA 05",LOTEAMENTO SANTO EXPEDITO / 1º DISTRITO,ITABORAI,RJ,GNV,3.0990,'18/04/2019
155,03922066000127,POSTO F1 RACING LTDA,"AVENIDA 22 DE MAIO,2952","LOTE 05, QUADRA 05",LOTEAMENTO SANTO EXPEDITO / 1º DISTRITO,ITABORAI,RJ,Diesel S500,3.6890,'18/04/2019
156,03922066000127,POSTO F1 RACING LTDA,"AVENIDA 22 DE MAIO,2952","LOTE 05, QUADRA 05",LOTEAMENTO SANTO EXPEDITO / 1º DISTRITO,ITABORAI,RJ,Diesel S10,3.7390,'18/04/2019
157,03927792000132,POSTO CARRETAO,"AVENIDA SAO LUIZ,100",,JD SAO LUIZ,CACERES,MT,Gasolina C Comum,4.7300,'19/09/2018
158,03927792000132,POSTO CARRETAO,"AVENIDA SAO LUIZ,100",,JD SAO LUIZ,CACERES,MT,Etanol,2.9500,'19/09/2018
159,03927792000132,POSTO CARRETAO,"AVENIDA SAO LUIZ,100",,JD SAO LUIZ,CACERES,MT,Diesel S500,3.9200,'19/09/2018
160,03927792000132,POSTO CARRETAO,"AVENIDA SAO LUIZ,100",,JD SAO LUIZ,CACERES,MT,Diesel S10,3.9900,'19/09/2018
161,04253381000171,POSTO MAGUARI LTDA,"RODOVIA AUGUSTO MONTENEGRO,SN",KM    09                  CONJ  MAGUARI,COQUEIRO,BELEM,PA,Gasolina C Comum,4.5990,'29/08/2018
162,04253381000171,POSTO MAGUARI LTDA,"RODOVIA AUGUSTO MONTENEGRO,SN",KM    09                  CONJ  MAGUARI,COQUEIRO,BELEM,PA,Etanol,3.4990,'29/08/2018
163,04253381000171,POSTO MAGUARI LTDA,"RODOVIA AUGUSTO MONTENEGRO,SN",KM    09                  CONJ  MAGUARI,COQUEIRO,BELEM,PA,Diesel S10,3.5990,'29/08/2018
164,04643904000277,AUTO POSTO OZIVAL LTDA,"RUA EMILIO MOREIRA,1769 B",,PRAA 14 DE JANEIRO,MANAUS,AM,Gasolina C Comum,3.9800,'14/12/2018
165,04687124000148,AUTO POSTO BURITIS,"AVENIDA AIRTON SENA,1284",,SETOR 02,BURITIS,RO,Gasolina C Comum,4.8900,'07/12/2018
166,04687124000148,AUTO POSTO BURITIS,"AVENIDA AIRTON SENA,1284",,SETOR 02,BURITIS,RO,Etanol,4.2300,'07/12/2018
167,04687124000148,AUTO POSTO BURITIS,"AVENIDA AIRTON SENA,1284",,SETOR 02,BURITIS,RO,Diesel S500,3.9300,'07/12/2018
168,04687124000148,AUTO POSTO BURITIS,"AVENIDA AIRTON SENA,1284",,SETOR 02,BURITIS,RO,Diesel S10,4.0300,'07/12/2018
169,04687124000229,AUTO POSTO MODELO,"AVENIDA PORTO VELHO,810",,SETOR 1,BURITIS,RO,Gasolina C Comum,4.8900,'07/12/2018
170,04687124000229,AUTO POSTO MODELO,"AVENIDA PORTO VELHO,810",,SETOR 1,BURITIS,RO,Etanol,4.2300,'07/12/2018
171,04687124000229,AUTO POSTO MODELO,"AVENIDA PORTO VELHO,810",,SETOR 1,BURITIS,RO,Diesel S500,3.9300,'07/12/2018
172,04687124000229,AUTO POSTO MODELO,"AVENIDA PORTO VELHO,810",,SETOR 1,BURITIS,RO,Diesel S10,4.0300,'07/12/2018
173,04785105000154,VALENCA AUTO SERVICE LTDA.,"RUA MARIA LUCIA DE CASTRO,25",,PQ. VALENCA,CAMPINAS,SP,Gasolina C Comum,4.0990,'29/01/2019
174,04785105000154,VALENCA AUTO SERVICE LTDA.,"RUA MARIA LUCIA DE CASTRO,25",,PQ. VALENCA,CAMPINAS,SP,Etanol,2.7990,'04/12/2018
175,04785105000154,VALENCA AUTO SERVICE LTDA.,"RUA MARIA LUCIA DE CASTRO,25",,PQ. VALENCA,CAMPINAS,SP,Diesel S500,3.5990,'23/01/2019
176,04785105000154,VALENCA AUTO SERVICE LTDA.,"RUA MARIA LUCIA DE CASTRO,25",,PQ. VALENCA,CAMPINAS,SP,Diesel S10,3.6990,'23/01/2019
177,04816108000108,POSTO PALACIO GUANABARA LTDA,"RUA PINHEIRO MACHADO,83",83/FUNDOS,LARANJEIRAS,RIO DE JANEIRO,RJ,Gasolina C Comum,5.1890,'22/04/2019
178,04816108000108,POSTO PALACIO GUANABARA LTDA,"RUA PINHEIRO MACHADO,83",83/FUNDOS,LARANJEIRAS,RIO DE JANEIRO,RJ,Etanol,4.3990,'22/04/2019
179,04816108000108,POSTO PALACIO GUANABARA LTDA,"RUA PINHEIRO MACHADO,83",83/FUNDOS,LARANJEIRAS,RIO DE JANEIRO,RJ,Diesel S10,4.0590,'22/04/2019
180,04816108000108,POSTO PALACIO GUANABARA LTDA,"RUA PINHEIRO MACHADO,83",83/FUNDOS,LARANJEIRAS,RIO DE JANEIRO,RJ,GNV,3.1990,'22/04/2019
181,04825319000107,POSTO AUTOCAR,"RUA EMILIA DOS SANTOS,47",ESQ RUA INDAIAL,SAO JOAO,ITAJAI,SC,Gasolina C Comum,3.7790,'14/08/2018
182,04825319000107,POSTO AUTOCAR,"RUA EMILIA DOS SANTOS,47",ESQ RUA INDAIAL,SAO JOAO,ITAJAI,SC,Etanol,3.0990,'14/08/2018
183,04825319000107,POSTO AUTOCAR,"RUA EMILIA DOS SANTOS,47",ESQ RUA INDAIAL,SAO JOAO,ITAJAI,SC,Diesel S10,3.3980,'14/08/2018
184,04878675000199,AUTO POSTO SAO CRISTOVAO,"AVENIDA PREFEITO OLAVO GOMES DE OLIVEIRA,5377",,BELA VISTA,POUSO ALEGRE,MG,Gasolina C Comum,5.0940,'01/10/2018
185,04878675000199,AUTO POSTO SAO CRISTOVAO,"AVENIDA PREFEITO OLAVO GOMES DE OLIVEIRA,5377",,BELA VISTA,POUSO ALEGRE,MG,Etanol,3.0960,'01/10/2018
186,04878675000199,AUTO POSTO SAO CRISTOVAO,"AVENIDA PREFEITO OLAVO GOMES DE OLIVEIRA,5377",,BELA VISTA,POUSO ALEGRE,MG,Diesel S500,3.7900,'01/10/2018
187,04878675000199,AUTO POSTO SAO CRISTOVAO,"AVENIDA PREFEITO OLAVO GOMES DE OLIVEIRA,5377",,BELA VISTA,POUSO ALEGRE,MG,Diesel S10,3.8500,'01/10/2018
188,04982983000160,POSTO 10,"AVENIDA PORTO CARREIRO,1566",,AEROPORTO,CORUMBA,MS,Gasolina C Comum,4.7500,'22/04/2019
189,04982983000160,POSTO 10,"AVENIDA PORTO CARREIRO,1566",,AEROPORTO,CORUMBA,MS,Etanol,3.9500,'22/04/2019
190,04982983000160,POSTO 10,"AVENIDA PORTO CARREIRO,1566",,AEROPORTO,CORUMBA,MS,Diesel S500,3.9600,'22/04/2019
191,04982983000160,POSTO 10,"AVENIDA PORTO CARREIRO,1566",,AEROPORTO,CORUMBA,MS,Diesel S10,4.0600,'22/04/2019
192,05037623000152,AUTO POSTO TIO SAM LTDA,"RODOVIA BR 163,S/N","KM 20,5",ZONA RURAL,MUNDO NOVO,MS,Gasolina C Comum,4.4990,'22/04/2019
193,05037623000152,AUTO POSTO TIO SAM LTDA,"RODOVIA BR 163,S/N","KM 20,5",ZONA RURAL,MUNDO NOVO,MS,Etanol,3.5990,'22/04/2019
194,05037623000152,AUTO POSTO TIO SAM LTDA,"RODOVIA BR 163,S/N","KM 20,5",ZONA RURAL,MUNDO NOVO,MS,Diesel S500,3.3390,'22/04/2019
195,05037623000152,AUTO POSTO TIO SAM LTDA,"RODOVIA BR 163,S/N","KM 20,5",ZONA RURAL,MUNDO NOVO,MS,Diesel S10,3.3990,'22/04/2019
196,05357865000123,BAIRRO NOVO AUTO POSTO LTDA,"RODOVIA BR-364,S/N",KM: 720;,AEROCLUBE,PORTO VELHO,RO,Gasolina C Comum,4.2490,'22/02/2019
197,05357865000123,BAIRRO NOVO AUTO POSTO LTDA,"RODOVIA BR-364,S/N",KM: 720;,AEROCLUBE,PORTO VELHO,RO,Diesel S10,3.7990,'22/01/2019
198,05374546000126,POSTO TITAN,"ESTRADA L,S/N",SÍTIO DA SERRA,NOVO CAVALEIROS,MACAE,RJ,Gasolina C Comum,5.0900,'04/07/2018
199,05374546000126,POSTO TITAN,"ESTRADA L,S/N",SÍTIO DA SERRA,NOVO CAVALEIROS,MACAE,RJ,Etanol,3.5900,'04/07/2018
200,05374546000126,POSTO TITAN,"ESTRADA L,S/N",SÍTIO DA SERRA,NOVO CAVALEIROS,MACAE,RJ,Diesel S500,3.5900,'04/07/2018
201,05374546000126,POSTO TITAN,"ESTRADA L,S/N",SÍTIO DA SERRA,NOVO CAVALEIROS,MACAE,RJ,Diesel S10,3.6500,'04/07/2018
202,05593306000112,AUTO POSTO JOWAL,"RODOVIA MC-03, ESQUINA COM AV. TANCREDO NEVES,2871",,CENTRO,MACHADINHO D'OESTE,RO,Gasolina C Comum,4.4900,'21/03/2019
203,05593306000112,AUTO POSTO JOWAL,"RODOVIA MC-03, ESQUINA COM AV. TANCREDO NEVES,2871",,CENTRO,MACHADINHO D'OESTE,RO,Etanol,4.4300,'21/03/2019
204,05593306000112,AUTO POSTO JOWAL,"RODOVIA MC-03, ESQUINA COM AV. TANCREDO NEVES,2871",,CENTRO,MACHADINHO D'OESTE,RO,Diesel S500,3.9400,'21/03/2019
205,05593306000112,AUTO POSTO JOWAL,"RODOVIA MC-03, ESQUINA COM AV. TANCREDO NEVES,2871",,CENTRO,MACHADINHO D'OESTE,RO,Diesel S10,4.0100,'21/03/2019
206,05675515000105,POSTO CENTRO SUL,"RUA JOÃO GUALBERTO,237",,CENTRO,PALMAS,PR,Gasolina C Comum,4.5600,'16/07/2018
207,05675515000105,POSTO CENTRO SUL,"RUA JOÃO GUALBERTO,237",,CENTRO,PALMAS,PR,Etanol,3.1800,'16/07/2018
208,05675515000105,POSTO CENTRO SUL,"RUA JOÃO GUALBERTO,237",,CENTRO,PALMAS,PR,Diesel S10,3.3500,'16/07/2018
209,05843222000190,POSTO BARREIRINHAS,"RUA LAURO SODRE,520",,SAO JOSE,TUCURUI,PA,Gasolina C Comum,5.1700,'08/10/2018
210,05843222000190,POSTO BARREIRINHAS,"RUA LAURO SODRE,520",,SAO JOSE,TUCURUI,PA,Diesel S10,4.1600,'08/10/2018
211,06039710000101,L V L COMÉRCIO DE COMBUSTÍVEIS LTDA.,"RODOVIA ESTADUAL RS 122,S/N",KM 23,BELA VISTA,BOM PRINCIPIO,RS,Gasolina C Comum,4.3990,'22/08/2018
212,06039710000101,L V L COMÉRCIO DE COMBUSTÍVEIS LTDA.,"RODOVIA ESTADUAL RS 122,S/N",KM 23,BELA VISTA,BOM PRINCIPIO,RS,Diesel S500,3.0990,'22/08/2018
213,06039710000101,L V L COMÉRCIO DE COMBUSTÍVEIS LTDA.,"RODOVIA ESTADUAL RS 122,S/N",KM 23,BELA VISTA,BOM PRINCIPIO,RS,Diesel S10,3.1490,'22/08/2018
214,06050724000126,AUTO POSTO VILA RICA,"RODOVIA BR-020 KM 87,SN",,VILA BOA,VILA BOA,GO,Gasolina C Comum,4.9990,'03/10/2018
215,06050724000126,AUTO POSTO VILA RICA,"RODOVIA BR-020 KM 87,SN",,VILA BOA,VILA BOA,GO,Etanol,2.9990,'03/10/2018
216,06050724000126,AUTO POSTO VILA RICA,"RODOVIA BR-020 KM 87,SN",,VILA BOA,VILA BOA,GO,Diesel S500,3.8490,'03/10/2018
217,06255176000170,POSTO CIDADE,"AVENIDA AFONSO PENA,1.650",,VILA OLGA,CAMPO GRANDE,MS,Gasolina C Comum,3.8590,'29/01/2019
218,06255176000170,POSTO CIDADE,"AVENIDA AFONSO PENA,1.650",,VILA OLGA,CAMPO GRANDE,MS,Etanol,3.1990,'29/01/2019
219,06255176000170,POSTO CIDADE,"AVENIDA AFONSO PENA,1.650",,VILA OLGA,CAMPO GRANDE,MS,Diesel S10,3.5590,'29/01/2019
220,06269773000154,REVENDEDORA SOPETRO LTDA,"AVENIDA BEIRA MAR,170",,CENTRO,SAO LUIS,MA,Gasolina C Comum,4.6990,'09/10/2018
221,06269773000154,REVENDEDORA SOPETRO LTDA,"AVENIDA BEIRA MAR,170",,CENTRO,SAO LUIS,MA,Diesel S10,3.8990,'09/10/2018
222,06294288000130,POSTO KATIA LOCATELLI,"AVENIDA COSTA E SILVA,14",,JARDIM AMERICA,CAMPO GRANDE,MS,Gasolina C Comum,4.1970,'17/04/2019
223,06294288000130,POSTO KATIA LOCATELLI,"AVENIDA COSTA E SILVA,14",,JARDIM AMERICA,CAMPO GRANDE,MS,Etanol,3.5970,'20/04/2019
224,06294288000130,POSTO KATIA LOCATELLI,"AVENIDA COSTA E SILVA,14",,JARDIM AMERICA,CAMPO GRANDE,MS,Diesel S500,3.6770,'20/04/2019
225,06294288000130,POSTO KATIA LOCATELLI,"AVENIDA COSTA E SILVA,14",,JARDIM AMERICA,CAMPO GRANDE,MS,Diesel S10,3.7770,'20/04/2019
226,06303970000142,AUTO POSTO PONTE METÁLICA,"PRACA MARTINS AFONSO,78",,CENTRO,GUARATINGUETA,SP,Gasolina C Comum,4.0990,'19/04/2019
227,06303970000142,AUTO POSTO PONTE METÁLICA,"PRACA MARTINS AFONSO,78",,CENTRO,GUARATINGUETA,SP,Etanol,3.0990,'20/04/2019
228,06303970000142,AUTO POSTO PONTE METÁLICA,"PRACA MARTINS AFONSO,78",,CENTRO,GUARATINGUETA,SP,Diesel S10,3.5990,'18/12/2018
229,06341746000145,POSTO PALMEIRA,"RODOVIA CUIABA/SANTAREM,S/N",KM 1347,BELA V. DO CARACOL,TRAIRAO,PA,Gasolina C Comum,4.7700,'05/09/2018
230,06341746000145,POSTO PALMEIRA,"RODOVIA CUIABA/SANTAREM,S/N",KM 1347,BELA V. DO CARACOL,TRAIRAO,PA,Diesel S500,3.7400,'05/09/2018
231,06341746000145,POSTO PALMEIRA,"RODOVIA CUIABA/SANTAREM,S/N",KM 1347,BELA V. DO CARACOL,TRAIRAO,PA,Diesel S10,3.8000,'05/09/2018
232,07135119000110,BIOPOSTO CAMPECHE," SERVIDAO TEODORO EUGENIO DA SILVA,47",,CAMPECHE,FLORIANOPOLIS,SC,Gasolina C Comum,3.8990,'28/11/2018
233,07135119000110,BIOPOSTO CAMPECHE," SERVIDAO TEODORO EUGENIO DA SILVA,47",,CAMPECHE,FLORIANOPOLIS,SC,Etanol,3.5990,'12/11/2018
234,07135119000110,BIOPOSTO CAMPECHE," SERVIDAO TEODORO EUGENIO DA SILVA,47",,CAMPECHE,FLORIANOPOLIS,SC,Diesel S10,3.4080,'18/12/2018
235,07157563000137,POSTO SAMUEL,"AVENIDA SANTOS DUMONT,S/N",,TIRIRICAL,SAO LUIS,MA,Gasolina C Comum,4.3800,'23/04/2019
236,07157563000137,POSTO SAMUEL,"AVENIDA SANTOS DUMONT,S/N",,TIRIRICAL,SAO LUIS,MA,Diesel S500,3.5600,'23/04/2019
237,07157563000137,POSTO SAMUEL,"AVENIDA SANTOS DUMONT,S/N",,TIRIRICAL,SAO LUIS,MA,Diesel S10,3.5900,'23/04/2019
238,07198313000145,CLODOMIRO BATHKE E CIA.LTDA,"RUA GUILHERME BATHKE,241",,CENTRO,BALSA NOVA,PR,Gasolina C Comum,4.5900,'13/10/2018
239,07198313000145,CLODOMIRO BATHKE E CIA.LTDA,"RUA GUILHERME BATHKE,241",,CENTRO,BALSA NOVA,PR,Etanol,3.2300,'13/10/2018
240,07198313000145,CLODOMIRO BATHKE E CIA.LTDA,"RUA GUILHERME BATHKE,241",,CENTRO,BALSA NOVA,PR,Diesel S10,3.6200,'13/10/2018
241,07291814000171,POSTO NOVA QUEIMADOS LTDA,"RUA VEREADOR MARINHO  HEMETERIO OLIVEIRA,1201",,CENTRO,QUEIMADOS,RJ,Gasolina C Comum,4.8990,'27/07/2018
242,07291814000171,POSTO NOVA QUEIMADOS LTDA,"RUA VEREADOR MARINHO  HEMETERIO OLIVEIRA,1201",,CENTRO,QUEIMADOS,RJ,Etanol,3.2990,'27/07/2018
243,07291814000171,POSTO NOVA QUEIMADOS LTDA,"RUA VEREADOR MARINHO  HEMETERIO OLIVEIRA,1201",,CENTRO,QUEIMADOS,RJ,GNV,2.5880,'27/07/2018
244,07291814000171,POSTO NOVA QUEIMADOS LTDA,"RUA VEREADOR MARINHO  HEMETERIO OLIVEIRA,1201",,CENTRO,QUEIMADOS,RJ,Diesel S10,3.4890,'27/07/2018
245,07298624000186,POSTO PANTANAL,"RUA PROJETADA,S/N",BR 262 LADO DIREITO,PORTAL DO PANTANAL,MIRANDA,MS,Diesel S500,3.6800,'27/06/2018
246,07298624000186,POSTO PANTANAL,"RUA PROJETADA,S/N",BR 262 LADO DIREITO,PORTAL DO PANTANAL,MIRANDA,MS,Diesel S10,3.7800,'27/06/2018
247,07482075000103,COLOSSAL BATEL,"ALAMEDA DR. CARLOS DE CARVALHO,1830",,BATEL,CURITIBA,PR,Gasolina C Comum,4.2490,'23/04/2019
248,07482075000103,COLOSSAL BATEL,"ALAMEDA DR. CARLOS DE CARVALHO,1830",,BATEL,CURITIBA,PR,Etanol,3.1990,'23/04/2019
249,07482075000103,COLOSSAL BATEL,"ALAMEDA DR. CARLOS DE CARVALHO,1830",,BATEL,CURITIBA,PR,Diesel S10,3.3990,'23/04/2019
250,07536636000100,POSTO DO JOCA,"AVENIDA BRASIL,804",,SIMOES LOPES,PELOTAS,RS,Gasolina C Comum,4.7990,'24/11/2018
251,07536636000100,POSTO DO JOCA,"AVENIDA BRASIL,804",,SIMOES LOPES,PELOTAS,RS,Diesel S500,3.8590,'24/11/2018
252,07536636000100,POSTO DO JOCA,"AVENIDA BRASIL,804",,SIMOES LOPES,PELOTAS,RS,Diesel S10,3.9590,'24/11/2018
253,07605515000164,POSTO SAO RAIMUNDO,"RODOVIA ESTADUAL EDSON QUEIROZ,2474",,MATAQUIRI,CASCAVEL,CE,Gasolina C Comum,4.5500,'14/03/2019
254,07605515000164,POSTO SAO RAIMUNDO,"RODOVIA ESTADUAL EDSON QUEIROZ,2474",,MATAQUIRI,CASCAVEL,CE,Etanol,3.7600,'14/03/2019
255,07605515000164,POSTO SAO RAIMUNDO,"RODOVIA ESTADUAL EDSON QUEIROZ,2474",,MATAQUIRI,CASCAVEL,CE,Diesel S10,3.7900,'11/04/2019
256,07605515000245,POSTO SÃO RAIMUNDO 2,"AVENIDA CHANLECER EDSON QUEIROZ,3376",,RIO NOVO,CASCAVEL,CE,Gasolina C Comum,4.5700,'14/03/2019
257,07605515000245,POSTO SÃO RAIMUNDO 2,"AVENIDA CHANLECER EDSON QUEIROZ,3376",,RIO NOVO,CASCAVEL,CE,Etanol,3.7900,'14/03/2019
258,07605515000245,POSTO SÃO RAIMUNDO 2,"AVENIDA CHANLECER EDSON QUEIROZ,3376",,RIO NOVO,CASCAVEL,CE,Diesel S10,3.7900,'11/04/2019
259,07605515000326,POSTO SAO RAIMUNDO,"RODOVIA CE 040,SN",KM: 58;,MATAQUIRI,CASCAVEL,CE,Gasolina C Comum,4.5400,'14/03/2019
260,07605515000326,POSTO SAO RAIMUNDO,"RODOVIA CE 040,SN",KM: 58;,MATAQUIRI,CASCAVEL,CE,Etanol,3.7600,'14/03/2019
261,07605515000326,POSTO SAO RAIMUNDO,"RODOVIA CE 040,SN",KM: 58;,MATAQUIRI,CASCAVEL,CE,Diesel S10,3.7600,'11/04/2019
262,07840472000100,AUTO POSTO SANTA RITA,"AVENIDA BAHIA,625",QUADRA234                 LOTE  10 E 11,CENTRO,PONTALINA,GO,Gasolina C Comum,4.8590,'05/09/2018
263,07840472000100,AUTO POSTO SANTA RITA,"AVENIDA BAHIA,625",QUADRA234                 LOTE  10 E 11,CENTRO,PONTALINA,GO,Etanol,2.9990,'18/07/2018
264,07840472000100,AUTO POSTO SANTA RITA,"AVENIDA BAHIA,625",QUADRA234                 LOTE  10 E 11,CENTRO,PONTALINA,GO,Diesel S500,3.8990,'05/09/2018
265,07840472000100,AUTO POSTO SANTA RITA,"AVENIDA BAHIA,625",QUADRA234                 LOTE  10 E 11,CENTRO,PONTALINA,GO,Diesel S10,3.9990,'05/09/2018
266,07928956000105,POSTO ARIQUEMES,"AVENIDA CAPITAO SILVIO ESQUINA COM RUA PERIMETRAL LESTE,5303",,SETOR 02,ARIQUEMES,RO,Gasolina C Comum,4.3900,'26/02/2019
267,07928956000105,POSTO ARIQUEMES,"AVENIDA CAPITAO SILVIO ESQUINA COM RUA PERIMETRAL LESTE,5303",,SETOR 02,ARIQUEMES,RO,Diesel S500,3.7100,'26/02/2019
268,07928956000105,POSTO ARIQUEMES,"AVENIDA CAPITAO SILVIO ESQUINA COM RUA PERIMETRAL LESTE,5303",,SETOR 02,ARIQUEMES,RO,Diesel S10,3.8100,'26/02/2019
269,08355825000130,POSTO DE COMBUSTÍVEIS 214 SUL,"SETOR SHC/SUL SQ 214 BLOCO A PAG - LOJA DE CONV. 20,S/N",,ASA SUL,BRASILIA,DF,Gasolina C Comum,4.3900,'26/06/2018
270,08355825000130,POSTO DE COMBUSTÍVEIS 214 SUL,"SETOR SHC/SUL SQ 214 BLOCO A PAG - LOJA DE CONV. 20,S/N",,ASA SUL,BRASILIA,DF,Etanol,3.3800,'26/06/2018
271,08355825000130,POSTO DE COMBUSTÍVEIS 214 SUL,"SETOR SHC/SUL SQ 214 BLOCO A PAG - LOJA DE CONV. 20,S/N",,ASA SUL,BRASILIA,DF,GNV,1.0000,'26/06/2018
272,08355825000130,POSTO DE COMBUSTÍVEIS 214 SUL,"SETOR SHC/SUL SQ 214 BLOCO A PAG - LOJA DE CONV. 20,S/N",,ASA SUL,BRASILIA,DF,Diesel S500,1.0000,'26/06/2018
273,08355825000130,POSTO DE COMBUSTÍVEIS 214 SUL,"SETOR SHC/SUL SQ 214 BLOCO A PAG - LOJA DE CONV. 20,S/N",,ASA SUL,BRASILIA,DF,Diesel S10,4.7990,'26/06/2018
274,08450385000109,COMERCIO DE PRODUTOS MAIS LTDA,"AVENIDA 25 DE AGOSTO,7540",,CIDADE ALTA,ROLIM DE MOURA,RO,Gasolina C Comum,4.7400,'12/07/2018
275,08450385000109,COMERCIO DE PRODUTOS MAIS LTDA,"AVENIDA 25 DE AGOSTO,7540",,CIDADE ALTA,ROLIM DE MOURA,RO,Diesel S500,3.6100,'12/07/2018
276,08450385000109,COMERCIO DE PRODUTOS MAIS LTDA,"AVENIDA 25 DE AGOSTO,7540",,CIDADE ALTA,ROLIM DE MOURA,RO,Diesel S10,3.6900,'12/07/2018
277,08605136000137,POSTO R7,"AVENIDA PARQUE NACIONAL DAS EMAS,S/N",QUADRA 88 LOTES 13/18,BOA VISTA,MINEIROS,GO,Gasolina C Comum,4.5600,'17/04/2019
278,08605136000137,POSTO R7,"AVENIDA PARQUE NACIONAL DAS EMAS,S/N",QUADRA 88 LOTES 13/18,BOA VISTA,MINEIROS,GO,Etanol,3.0900,'17/04/2019
279,08605136000137,POSTO R7,"AVENIDA PARQUE NACIONAL DAS EMAS,S/N",QUADRA 88 LOTES 13/18,BOA VISTA,MINEIROS,GO,Diesel S500,3.7800,'23/04/2019
280,08605136000137,POSTO R7,"AVENIDA PARQUE NACIONAL DAS EMAS,S/N",QUADRA 88 LOTES 13/18,BOA VISTA,MINEIROS,GO,Diesel S10,3.8800,'23/04/2019
281,08742289000126,POSTO DO MANOELAO,"AVENIDA JOAO PESSOA,4954",,CENTRO,ROLIM DE MOURA,RO,Gasolina C Comum,4.6900,'18/07/2018
282,08742289000126,POSTO DO MANOELAO,"AVENIDA JOAO PESSOA,4954",,CENTRO,ROLIM DE MOURA,RO,Diesel S500,3.5800,'18/07/2018
283,08742289000126,POSTO DO MANOELAO,"AVENIDA JOAO PESSOA,4954",,CENTRO,ROLIM DE MOURA,RO,Diesel S10,3.6800,'18/07/2018
284,08754803000143, ,"RODOVIA BR 304,680",,FAZENDA PIATO,MACAIBA,RN,Gasolina C Comum,4.3790,'12/07/2018
285,08754803000143, ,"RODOVIA BR 304,680",,FAZENDA PIATO,MACAIBA,RN,Etanol,3.5990,'12/07/2018
286,08754803000143, ,"RODOVIA BR 304,680",,FAZENDA PIATO,MACAIBA,RN,Diesel S500,3.3790,'12/07/2018
287,08754803000143, ,"RODOVIA BR 304,680",,FAZENDA PIATO,MACAIBA,RN,Diesel S10,3.4790,'12/07/2018
288,08790322000193,POSTO DE GASOLINA E SERVIÇOS BR PAN 2007 LTDA,"RUA MAXWELL,477",LT 02 PA 44302,ANDARAÍ,RIO DE JANEIRO,RJ,Gasolina C Comum,4.8970,'02/01/2019
289,08790322000193,POSTO DE GASOLINA E SERVIÇOS BR PAN 2007 LTDA,"RUA MAXWELL,477",LT 02 PA 44302,ANDARAÍ,RIO DE JANEIRO,RJ,Etanol,3.5970,'02/01/2019
290,08790322000193,POSTO DE GASOLINA E SERVIÇOS BR PAN 2007 LTDA,"RUA MAXWELL,477",LT 02 PA 44302,ANDARAÍ,RIO DE JANEIRO,RJ,Diesel S10,3.6970,'02/01/2019
291,08963963000100,POSTO DE GASOLINA 6 DE MAIO LTDA - ME,"AVENIDA DR MANUEL TELES,474",,CENTRO,DUQUE DE CAXIAS,RJ,Gasolina C Comum,4.9990,'13/07/2018
292,08963963000100,POSTO DE GASOLINA 6 DE MAIO LTDA - ME,"AVENIDA DR MANUEL TELES,474",,CENTRO,DUQUE DE CAXIAS,RJ,Etanol,3.4990,'13/07/2018
293,08963963000100,POSTO DE GASOLINA 6 DE MAIO LTDA - ME,"AVENIDA DR MANUEL TELES,474",,CENTRO,DUQUE DE CAXIAS,RJ,Diesel S10,3.4990,'13/07/2018
294,09069872000180,AUTO POSTO MODELO,"AVENIDA I,SN",QUADRA104                 LOTE  03,JARDIM AURENY III,PALMAS,TO,Gasolina C Comum,4.3990,'19/02/2019
295,09069872000180,AUTO POSTO MODELO,"AVENIDA I,SN",QUADRA104                 LOTE  03,JARDIM AURENY III,PALMAS,TO,Etanol,3.7900,'19/02/2019
296,09069872000180,AUTO POSTO MODELO,"AVENIDA I,SN",QUADRA104                 LOTE  03,JARDIM AURENY III,PALMAS,TO,Diesel S10,3.3500,'19/02/2019
297,09164791000321,POSTO APOLO VI,"AVENIDA FLORES DA CUNHA,2097",,VILA CACHOEIRINHA,CACHOEIRINHA,RS,Gasolina C Comum,4.8990,'24/09/2018
298,09164791000321,POSTO APOLO VI,"AVENIDA FLORES DA CUNHA,2097",,VILA CACHOEIRINHA,CACHOEIRINHA,RS,Etanol,3.9990,'24/09/2018
299,09164791000321,POSTO APOLO VI,"AVENIDA FLORES DA CUNHA,2097",,VILA CACHOEIRINHA,CACHOEIRINHA,RS,Diesel S500,3.5990,'24/09/2018
300,09164791000321,POSTO APOLO VI,"AVENIDA FLORES DA CUNHA,2097",,VILA CACHOEIRINHA,CACHOEIRINHA,RS,Diesel S10,3.6990,'24/09/2018
301,09217206000142,AUTO POSTO PREMIUM,"AVENIDA JOSE DE BRITO SOARES,1101",,ANHANGUERA,ARAGUAINA,TO,Gasolina C Comum,4.7900,'21/06/2018
302,09217206000142,AUTO POSTO PREMIUM,"AVENIDA JOSE DE BRITO SOARES,1101",,ANHANGUERA,ARAGUAINA,TO,Diesel S500,3.3990,'21/06/2018
303,09217206000142,AUTO POSTO PREMIUM,"AVENIDA JOSE DE BRITO SOARES,1101",,ANHANGUERA,ARAGUAINA,TO,Diesel S10,3.4990,'21/06/2018
304,09271603000100,AUTO POSTO CAMPANHOLLI,"RUA NOVA ZELÂNDIA,2203",,CENTRO,CEREJEIRAS,RO,Gasolina C Comum,4.7300,'17/04/2019
305,09271603000100,AUTO POSTO CAMPANHOLLI,"RUA NOVA ZELÂNDIA,2203",,CENTRO,CEREJEIRAS,RO,Etanol,4.3700,'17/04/2019
306,09271603000100,AUTO POSTO CAMPANHOLLI,"RUA NOVA ZELÂNDIA,2203",,CENTRO,CEREJEIRAS,RO,Diesel S500,4.0100,'17/04/2019
307,09271603000100,AUTO POSTO CAMPANHOLLI,"RUA NOVA ZELÂNDIA,2203",,CENTRO,CEREJEIRAS,RO,Diesel S10,4.0900,'17/04/2019
308,09271603000283,AUTO POSTO CAMPANHOLLI,"AVENIDA SENADOR OLAVO PIRES,1740",SALA  A,SETOR 2/DISTRITO DE VITORIA DA,CORUMBIARA,RO,Gasolina C Comum,4.7300,'17/04/2019
309,09271603000283,AUTO POSTO CAMPANHOLLI,"AVENIDA SENADOR OLAVO PIRES,1740",SALA  A,SETOR 2/DISTRITO DE VITORIA DA,CORUMBIARA,RO,Diesel S500,4.0100,'17/04/2019
310,09271603000283,AUTO POSTO CAMPANHOLLI,"AVENIDA SENADOR OLAVO PIRES,1740",SALA  A,SETOR 2/DISTRITO DE VITORIA DA,CORUMBIARA,RO,Diesel S10,4.0900,'17/04/2019
311,09291970000168,POSTO ARROIO DO SAL,"ESTRADA RS 389,587",KM    60,VILA TRES ARROIOS,ARROIO DO SAL,RS,Gasolina C Comum,4.3990,'14/01/2019
312,09291970000168,POSTO ARROIO DO SAL,"ESTRADA RS 389,587",KM    60,VILA TRES ARROIOS,ARROIO DO SAL,RS,Diesel S500,3.5590,'14/01/2019
313,09291970000168,POSTO ARROIO DO SAL,"ESTRADA RS 389,587",KM    60,VILA TRES ARROIOS,ARROIO DO SAL,RS,Diesel S10,3.6290,'14/01/2019
314,09291970000249,DAIANE T. DE AMARANTE & CIA LTDA - EPP,"RODOVIA RS 389 KM 88 ESTRADA DO MAR,S/N",,FAXINAL,TORRES,RS,Gasolina C Comum,4.3990,'14/01/2019
315,09291970000249,DAIANE T. DE AMARANTE & CIA LTDA - EPP,"RODOVIA RS 389 KM 88 ESTRADA DO MAR,S/N",,FAXINAL,TORRES,RS,Diesel S500,3.3990,'14/01/2019
316,09291970000249,DAIANE T. DE AMARANTE & CIA LTDA - EPP,"RODOVIA RS 389 KM 88 ESTRADA DO MAR,S/N",,FAXINAL,TORRES,RS,Diesel S10,3.4990,'14/01/2019
317,09296287000113,AUTO POSTO MONTANA,"AVENIDA GONÇALVES DIAS,3040",,JARDIM AEROPORTO,OURO PRETO DO OESTE,RO,Gasolina C Comum,4.7300,'23/04/2019
318,09296287000113,AUTO POSTO MONTANA,"AVENIDA GONÇALVES DIAS,3040",,JARDIM AEROPORTO,OURO PRETO DO OESTE,RO,Etanol,4.1000,'28/11/2018
319,09296287000113,AUTO POSTO MONTANA,"AVENIDA GONÇALVES DIAS,3040",,JARDIM AEROPORTO,OURO PRETO DO OESTE,RO,Diesel S500,3.8400,'18/04/2019
320,09299516000153,AUTO POSTO AGNELO,"AVENIDA ACM,544",CASA,CENTRO,CICERO DANTAS,BA,Gasolina C Comum,4.4500,'20/12/2018
321,09299516000153,AUTO POSTO AGNELO,"AVENIDA ACM,544",CASA,CENTRO,CICERO DANTAS,BA,Etanol,3.3000,'20/12/2018
322,09299516000153,AUTO POSTO AGNELO,"AVENIDA ACM,544",CASA,CENTRO,CICERO DANTAS,BA,Diesel S10,3.6500,'20/12/2018
323,09366602000131,AUTO POSTO GIGI,"RUA PEDRO RODRIGUES,925",,CENTRO,ITAPORA,MS,Gasolina C Comum,4.6490,'18/04/2019
324,09366602000131,AUTO POSTO GIGI,"RUA PEDRO RODRIGUES,925",,CENTRO,ITAPORA,MS,Etanol,3.7890,'18/04/2019
325,09366602000131,AUTO POSTO GIGI,"RUA PEDRO RODRIGUES,925",,CENTRO,ITAPORA,MS,Diesel S500,3.9090,'18/04/2019
326,09366602000131,AUTO POSTO GIGI,"RUA PEDRO RODRIGUES,925",,CENTRO,ITAPORA,MS,Diesel S10,4.0290,'18/04/2019
327,09374342000146,AUTO POSTO KERUBINS II,"AVENIDA WALDOMIRO GARCIA DE OLIVEIRA,35",,PARQUE RESIDENCIAL NOVA CANAA,MOGI GUACU,SP,Gasolina C Comum,4.4990,'22/04/2019
328,09374342000146,AUTO POSTO KERUBINS II,"AVENIDA WALDOMIRO GARCIA DE OLIVEIRA,35",,PARQUE RESIDENCIAL NOVA CANAA,MOGI GUACU,SP,Etanol,3.2990,'22/04/2019
329,09374342000146,AUTO POSTO KERUBINS II,"AVENIDA WALDOMIRO GARCIA DE OLIVEIRA,35",,PARQUE RESIDENCIAL NOVA CANAA,MOGI GUACU,SP,Diesel S500,3.6990,'22/04/2019
330,09374342000146,AUTO POSTO KERUBINS II,"AVENIDA WALDOMIRO GARCIA DE OLIVEIRA,35",,PARQUE RESIDENCIAL NOVA CANAA,MOGI GUACU,SP,Diesel S10,3.7990,'22/04/2019
331,09573325000138,RR AUTO SERVICE LTDA,"AVENIDA RUY RODRIGUES,3871",,PARQUE UNIVERSITARIO DE VIRACOPOS,CAMPINAS,SP,Gasolina C Comum,4.0990,'23/01/2019
332,09573325000138,RR AUTO SERVICE LTDA,"AVENIDA RUY RODRIGUES,3871",,PARQUE UNIVERSITARIO DE VIRACOPOS,CAMPINAS,SP,Etanol,2.7990,'04/12/2018
333,09573325000138,RR AUTO SERVICE LTDA,"AVENIDA RUY RODRIGUES,3871",,PARQUE UNIVERSITARIO DE VIRACOPOS,CAMPINAS,SP,Diesel S500,3.5990,'23/01/2019
334,09573325000138,RR AUTO SERVICE LTDA,"AVENIDA RUY RODRIGUES,3871",,PARQUE UNIVERSITARIO DE VIRACOPOS,CAMPINAS,SP,Diesel S10,3.6990,'23/01/2019
335,09612655000195,POSTO SATURNO,"DISTRITO DE SERROTA,S/Nº",,ZONA RURAL,SENADOR SA,CE,Gasolina C Comum,4.8700,'03/08/2018
336,09612655000195,POSTO SATURNO,"DISTRITO DE SERROTA,S/Nº",,ZONA RURAL,SENADOR SA,CE,Diesel S500,3.6990,'03/08/2018
337,10157722000108,ROTA 116,"RUA ALEXANDRE DE GUSMAO,1455",,ESTANCIA VELHA,CANOAS,RS,Gasolina C Comum,4.7690,'08/10/2018
338,10157722000108,ROTA 116,"RUA ALEXANDRE DE GUSMAO,1455",,ESTANCIA VELHA,CANOAS,RS,Diesel S500,3.5890,'08/10/2018
339,10254592000121,POSTO DE VILLE,"RUA JOAO BOSCO MARQUES DE SOUSA,556",,GATO PRETO,SOUSA,PB,Gasolina C Comum,4.5990,'04/09/2018
340,10254592000121,POSTO DE VILLE,"RUA JOAO BOSCO MARQUES DE SOUSA,556",,GATO PRETO,SOUSA,PB,Diesel S10,3.7990,'04/09/2018
341,10269693000176,AUTO POSTO PAMPA,"AVENIDA PRESIDENTE VARGAS,643",,VILA ARAUJO,PASSO FUNDO,RS,Gasolina C Comum,4.7590,'25/09/2018
342,10269693000176,AUTO POSTO PAMPA,"AVENIDA PRESIDENTE VARGAS,643",,VILA ARAUJO,PASSO FUNDO,RS,Diesel S10,3.4990,'25/09/2018
343,10549635000104,AUTO POSTO COLONIAL,"AVENIDA MANOEL RUZ PERES,2550",,JARDIM HUBERT,INDAIATUBA,SP,Gasolina C Comum,4.3990,'17/04/2019
344,10549635000104,AUTO POSTO COLONIAL,"AVENIDA MANOEL RUZ PERES,2550",,JARDIM HUBERT,INDAIATUBA,SP,Etanol,3.0350,'17/04/2019
345,10549635000104,AUTO POSTO COLONIAL,"AVENIDA MANOEL RUZ PERES,2550",,JARDIM HUBERT,INDAIATUBA,SP,Diesel S10,3.5990,'17/04/2019
346,10557748000143,AUTO POSTO ROTA RADIAL LTDA,"RUA PIRATININGA,1017",,BRAS,SAO PAULO,SP,Gasolina C Comum,3.9890,'26/07/2018
347,10557748000143,AUTO POSTO ROTA RADIAL LTDA,"RUA PIRATININGA,1017",,BRAS,SAO PAULO,SP,Etanol,2.2490,'26/07/2018
348,10876085000120,AUTO POSTO SAN CRISTOVAO,"RUA MONTE ALEGRE,5800",,JARDIM MAIPU,DOURADOS,MS,Gasolina C Comum,4.2990,'12/07/2018
349,10876085000120,AUTO POSTO SAN CRISTOVAO,"RUA MONTE ALEGRE,5800",,JARDIM MAIPU,DOURADOS,MS,Etanol,2.9990,'12/07/2018
350,10876085000120,AUTO POSTO SAN CRISTOVAO,"RUA MONTE ALEGRE,5800",,JARDIM MAIPU,DOURADOS,MS,Diesel S500,3.3990,'12/07/2018
351,10876085000120,AUTO POSTO SAN CRISTOVAO,"RUA MONTE ALEGRE,5800",,JARDIM MAIPU,DOURADOS,MS,Diesel S10,3.4990,'12/07/2018
352,11000641000162,AUTO POSTO TITAN,"AVENIDA DUDU FERRAZ,1110",,JARDIM SANTA ROSA,JAU,SP,Gasolina C Comum,4.0490,'08/08/2018
353,11000641000162,AUTO POSTO TITAN,"AVENIDA DUDU FERRAZ,1110",,JARDIM SANTA ROSA,JAU,SP,Etanol,2.1890,'08/08/2018
354,11000641000162,AUTO POSTO TITAN,"AVENIDA DUDU FERRAZ,1110",,JARDIM SANTA ROSA,JAU,SP,Diesel S500,3.1290,'08/08/2018
355,11000641000162,AUTO POSTO TITAN,"AVENIDA DUDU FERRAZ,1110",,JARDIM SANTA ROSA,JAU,SP,Diesel S10,3.2390,'08/08/2018
356,11060293000119,POSTO ENSEADA AZUL,"AVENIDA MEAIPE,1373",,NOVA GUARAPARI,GUARAPARI,ES,Gasolina C Comum,4.6900,'04/04/2019
357,11060293000119,POSTO ENSEADA AZUL,"AVENIDA MEAIPE,1373",,NOVA GUARAPARI,GUARAPARI,ES,Etanol,3.7900,'04/04/2019
358,11060293000119,POSTO ENSEADA AZUL,"AVENIDA MEAIPE,1373",,NOVA GUARAPARI,GUARAPARI,ES,Diesel S10,3.8700,'04/04/2019
359,11300950000158,AUTO POSTO JF,"AVENIDA JOÃO DOMICIANO DA COSTA,902",,CENTRO,ANDRADAS,MG,Gasolina C Comum,4.7990,'22/04/2019
360,11300950000158,AUTO POSTO JF,"AVENIDA JOÃO DOMICIANO DA COSTA,902",,CENTRO,ANDRADAS,MG,Etanol,3.1990,'22/04/2019
361,11300950000158,AUTO POSTO JF,"AVENIDA JOÃO DOMICIANO DA COSTA,902",,CENTRO,ANDRADAS,MG,Diesel S500,3.6690,'22/04/2019
362,11300950000158,AUTO POSTO JF,"AVENIDA JOÃO DOMICIANO DA COSTA,902",,CENTRO,ANDRADAS,MG,Diesel S10,3.7190,'22/04/2019
363,11307599000127,AUTO POSTO AEROPORTO DE UBATUBA LTDA.,"AVENIDA ANTONIO CARLOS RIBEIRO,0",,CENTRO,UBATUBA,SP,Gasolina C Comum,4.3490,'19/04/2019
364,11307599000127,AUTO POSTO AEROPORTO DE UBATUBA LTDA.,"AVENIDA ANTONIO CARLOS RIBEIRO,0",,CENTRO,UBATUBA,SP,Etanol,3.0790,'19/04/2019
365,11307599000127,AUTO POSTO AEROPORTO DE UBATUBA LTDA.,"AVENIDA ANTONIO CARLOS RIBEIRO,0",,CENTRO,UBATUBA,SP,Diesel S10,3.5790,'19/04/2019
366,11372676000122,CAMPOS DO JORDÃO AUTO POSTO LTDA.,"AVENIDA FREI ORESTES GIRARDI,2057",,VILA ABERNESIA,CAMPOS DO JORDAO,SP,Gasolina C Comum,4.4490,'19/04/2019
367,11372676000122,CAMPOS DO JORDÃO AUTO POSTO LTDA.,"AVENIDA FREI ORESTES GIRARDI,2057",,VILA ABERNESIA,CAMPOS DO JORDAO,SP,Etanol,2.9490,'19/04/2019
368,11372676000122,CAMPOS DO JORDÃO AUTO POSTO LTDA.,"AVENIDA FREI ORESTES GIRARDI,2057",,VILA ABERNESIA,CAMPOS DO JORDAO,SP,Diesel S500,3.3990,'23/02/2019
369,11372676000122,CAMPOS DO JORDÃO AUTO POSTO LTDA.,"AVENIDA FREI ORESTES GIRARDI,2057",,VILA ABERNESIA,CAMPOS DO JORDAO,SP,Diesel S10,3.4490,'23/02/2019
370,11388834000132,AUTO POSTO MONTANA,"AVENIDA XV DE NOVEMBRO,1071",,UNIÃO,OURO PRETO DO OESTE,RO,Gasolina C Comum,4.7300,'20/04/2019
371,11388834000132,AUTO POSTO MONTANA,"AVENIDA XV DE NOVEMBRO,1071",,UNIÃO,OURO PRETO DO OESTE,RO,Diesel S500,3.8400,'18/04/2019
372,11388834000132,AUTO POSTO MONTANA,"AVENIDA XV DE NOVEMBRO,1071",,UNIÃO,OURO PRETO DO OESTE,RO,Diesel S10,3.8900,'18/04/2019
373,11440349000160,POSTO SERRANO,"AVENIDA CHANCELER OSVALDO ARANHA,704",,JOSE CONRADO DE ARAUJO,ARACAJU,SE,Gasolina C Comum,4.3990,'27/12/2018
374,11440349000160,POSTO SERRANO,"AVENIDA CHANCELER OSVALDO ARANHA,704",,JOSE CONRADO DE ARAUJO,ARACAJU,SE,Etanol,3.1590,'27/12/2018
375,11440349000160,POSTO SERRANO,"AVENIDA CHANCELER OSVALDO ARANHA,704",,JOSE CONRADO DE ARAUJO,ARACAJU,SE,Diesel S500,3.5490,'27/12/2018
376,11440349000160,POSTO SERRANO,"AVENIDA CHANCELER OSVALDO ARANHA,704",,JOSE CONRADO DE ARAUJO,ARACAJU,SE,Diesel S10,3.5990,'27/12/2018
377,11643823000151,POSTO MARCON,"AVENIDA GETULIO DORNELLES VARGAS,2404",N,PASSO DOS FORTES,CHAPECO,SC,Gasolina C Comum,4.4490,'25/09/2018
378,11643823000151,POSTO MARCON,"AVENIDA GETULIO DORNELLES VARGAS,2404",N,PASSO DOS FORTES,CHAPECO,SC,Diesel S500,3.3990,'25/09/2018
379,11643823000151,POSTO MARCON,"AVENIDA GETULIO DORNELLES VARGAS,2404",N,PASSO DOS FORTES,CHAPECO,SC,Diesel S10,3.4690,'25/09/2018
380,11664743000182,POSTO UNIVERSITÁRIO,"RUA FREI GABRIEL,897",TERREO,UNIVERSITARIO,LAGES,SC,Gasolina C Comum,4.2690,'29/03/2019
381,11664743000182,POSTO UNIVERSITÁRIO,"RUA FREI GABRIEL,897",TERREO,UNIVERSITARIO,LAGES,SC,Etanol,3.6940,'29/03/2019
382,11664743000182,POSTO UNIVERSITÁRIO,"RUA FREI GABRIEL,897",TERREO,UNIVERSITARIO,LAGES,SC,Diesel S500,3.5090,'29/03/2019
383,11664743000182,POSTO UNIVERSITÁRIO,"RUA FREI GABRIEL,897",TERREO,UNIVERSITARIO,LAGES,SC,Diesel S10,3.5990,'29/03/2019
384,11664743000182,POSTO UNIVERSITÁRIO,"RUA FREI GABRIEL,897",TERREO,UNIVERSITARIO,LAGES,SC,GNV,0.0010,'29/03/2019
385,12031541000166,POSTO HS,"RUA JOSE ABEL DE ALMEIDA,SN",LT 02,SETOR RODOVIARIO II,ESTRELA DO NORTE,GO,Gasolina C Comum,4.6900,'02/02/2019
386,12031541000166,POSTO HS,"RUA JOSE ABEL DE ALMEIDA,SN",LT 02,SETOR RODOVIARIO II,ESTRELA DO NORTE,GO,Etanol,3.0900,'02/02/2019
387,12031541000166,POSTO HS,"RUA JOSE ABEL DE ALMEIDA,SN",LT 02,SETOR RODOVIARIO II,ESTRELA DO NORTE,GO,Diesel S500,3.3400,'17/02/2019
388,12031541000166,POSTO HS,"RUA JOSE ABEL DE ALMEIDA,SN",LT 02,SETOR RODOVIARIO II,ESTRELA DO NORTE,GO,Diesel S10,3.6500,'17/02/2019
389,12119665000106,POSTO LEAL,"AVENIDA 31 DE MARÇO,15",,CENTRO,BARREIRINHAS,MA,Gasolina C Comum,4.7300,'28/06/2018
390,12119665000106,POSTO LEAL,"AVENIDA 31 DE MARÇO,15",,CENTRO,BARREIRINHAS,MA,Diesel S500,3.6470,'28/06/2018
391,12119665000106,POSTO LEAL,"AVENIDA 31 DE MARÇO,15",,CENTRO,BARREIRINHAS,MA,Diesel S10,3.7150,'28/06/2018
392,12119665000289,LEAL COMERCIALIZACAO DE DERIVADOS DE PETROLEO LTDA,"RUA ANACLETO DE CARVALHO,260",,CRUZEIRO,BARREIRINHAS,MA,Gasolina C Comum,4.6500,'05/07/2018
393,13047383000103,SF COMERCIO DE COMBUSTIVEIS LTDA.,"RUA PORTAO,3890",,LAGO AZUL,ESTANCIA VELHA,RS,Gasolina C Comum,4.5990,'14/07/2018
394,13047383000103,SF COMERCIO DE COMBUSTIVEIS LTDA.,"RUA PORTAO,3890",,LAGO AZUL,ESTANCIA VELHA,RS,Diesel S500,3.1990,'14/07/2018
395,13047383000103,SF COMERCIO DE COMBUSTIVEIS LTDA.,"RUA PORTAO,3890",,LAGO AZUL,ESTANCIA VELHA,RS,Diesel S10,3.2990,'14/07/2018
396,13051606000106,AUTO POSTO 2 IRMAOS,"AVENIDA AYRTON SENNA,850",,SETOR 09,BURITIS,RO,Diesel S500,3.6200,'20/07/2018
397,13051606000106,AUTO POSTO 2 IRMAOS,"AVENIDA AYRTON SENNA,850",,SETOR 09,BURITIS,RO,Diesel S10,3.7200,'20/07/2018
398,13170895000154,AUTO POSTO UNIAO,"RUA 21,S/N",QUADRA 40                 LOTE  13/14,CENTRO,EDEALINA,GO,Gasolina C Comum,4.7990,'04/10/2018
399,13170895000154,AUTO POSTO UNIAO,"RUA 21,S/N",QUADRA 40                 LOTE  13/14,CENTRO,EDEALINA,GO,Etanol,2.8790,'04/10/2018
400,13170895000154,AUTO POSTO UNIAO,"RUA 21,S/N",QUADRA 40                 LOTE  13/14,CENTRO,EDEALINA,GO,Diesel S500,3.6990,'04/10/2018
401,13170895000154,AUTO POSTO UNIAO,"RUA 21,S/N",QUADRA 40                 LOTE  13/14,CENTRO,EDEALINA,GO,Diesel S10,3.7990,'04/10/2018
402,13250823000117,AUTO POSTO DALTIBA,"AVENIDA TANCREDO NEVES,1163",ESQUINA C/ AV. CAPITÃO SILVIO,SETOR 01,ARIQUEMES,RO,Gasolina C Comum,3.6500,'04/07/2018
403,13250823000117,AUTO POSTO DALTIBA,"AVENIDA TANCREDO NEVES,1163",ESQUINA C/ AV. CAPITÃO SILVIO,SETOR 01,ARIQUEMES,RO,Diesel S500,3.6270,'04/07/2018
404,13250823000117,AUTO POSTO DALTIBA,"AVENIDA TANCREDO NEVES,1163",ESQUINA C/ AV. CAPITÃO SILVIO,SETOR 01,ARIQUEMES,RO,Diesel S10,3.6610,'04/07/2018
405,13379724000130,REDE 020,"RODOVIA BR 020,S/N","KM     30,9",DISTRITO DO BEZERRA,FORMOSA,GO,Gasolina C Comum,4.4590,'20/04/2019
406,13379724000130,REDE 020,"RODOVIA BR 020,S/N","KM     30,9",DISTRITO DO BEZERRA,FORMOSA,GO,Etanol,3.1600,'20/04/2019
407,13379724000130,REDE 020,"RODOVIA BR 020,S/N","KM     30,9",DISTRITO DO BEZERRA,FORMOSA,GO,Diesel S500,3.5790,'18/04/2019
408,13379724000130,REDE 020,"RODOVIA BR 020,S/N","KM     30,9",DISTRITO DO BEZERRA,FORMOSA,GO,Diesel S10,3.6290,'18/04/2019
409,13385797000134,POSTO CIDADE,"RUA VITALINO LUIZ,299",TERREO,CENTRO,SAO DOMINGOS,BA,Gasolina C Comum,4.1400,'14/12/2018
410,13385797000134,POSTO CIDADE,"RUA VITALINO LUIZ,299",TERREO,CENTRO,SAO DOMINGOS,BA,Etanol,3.1800,'14/12/2018
411,13385797000134,POSTO CIDADE,"RUA VITALINO LUIZ,299",TERREO,CENTRO,SAO DOMINGOS,BA,Diesel S500,3.4900,'14/12/2018
412,13579902000176,AUTO POSTO CENTRAL,"AVENIDA ANTONIO JAIME BENEVIDES FILHO,655",,VILA IRACEMA,MOMBACA,CE,Gasolina C Comum,4.7990,'30/11/2018
413,13579902000176,AUTO POSTO CENTRAL,"AVENIDA ANTONIO JAIME BENEVIDES FILHO,655",,VILA IRACEMA,MOMBACA,CE,Etanol,3.4990,'30/11/2018
414,13579902000176,AUTO POSTO CENTRAL,"AVENIDA ANTONIO JAIME BENEVIDES FILHO,655",,VILA IRACEMA,MOMBACA,CE,Diesel S500,3.9990,'30/11/2018
415,13579902000176,AUTO POSTO CENTRAL,"AVENIDA ANTONIO JAIME BENEVIDES FILHO,655",,VILA IRACEMA,MOMBACA,CE,Diesel S10,4.0990,'30/11/2018
416,13635049000162,POSTO TITAN DE CORBELIA LTDA.,"RODOVIA BR 369,S/N",KM 478,OURO VERDE DO PIQUIRI,CORBELIA,PR,Gasolina C Comum,4.0900,'07/08/2018
417,13635049000162,POSTO TITAN DE CORBELIA LTDA.,"RODOVIA BR 369,S/N",KM 478,OURO VERDE DO PIQUIRI,CORBELIA,PR,Etanol,2.4900,'07/08/2018
418,13635049000162,POSTO TITAN DE CORBELIA LTDA.,"RODOVIA BR 369,S/N",KM 478,OURO VERDE DO PIQUIRI,CORBELIA,PR,Diesel S500,3.0600,'07/08/2018
419,13781754000178,POSTOS ARCO VERDE,"AVENIDA PILOTO PEREIRA TIM,1762",ANEXO A,MONTE CASTELO,PARNAMIRIM,RN,Gasolina C Comum,4.7690,'29/07/2018
420,13781754000178,POSTOS ARCO VERDE,"AVENIDA PILOTO PEREIRA TIM,1762",ANEXO A,MONTE CASTELO,PARNAMIRIM,RN,Etanol,3.5990,'29/07/2018
421,13781754000178,POSTOS ARCO VERDE,"AVENIDA PILOTO PEREIRA TIM,1762",ANEXO A,MONTE CASTELO,PARNAMIRIM,RN,Diesel S500,3.4700,'29/07/2018
422,13781754000178,POSTOS ARCO VERDE,"AVENIDA PILOTO PEREIRA TIM,1762",ANEXO A,MONTE CASTELO,PARNAMIRIM,RN,Diesel S10,3.5900,'29/07/2018
423,14167819000152,AUTO POSTO MARQUES,"RODOVIA BR 364,S/N",KM 421,JARDIM BELA VISTA,JARU,RO,Gasolina C Comum,4.5790,'03/07/2018
424,14167819000152,AUTO POSTO MARQUES,"RODOVIA BR 364,S/N",KM 421,JARDIM BELA VISTA,JARU,RO,Etanol,3.9990,'03/07/2018
425,14167819000152,AUTO POSTO MARQUES,"RODOVIA BR 364,S/N",KM 421,JARDIM BELA VISTA,JARU,RO,Diesel S500,3.5490,'03/07/2018
426,14167819000152,AUTO POSTO MARQUES,"RODOVIA BR 364,S/N",KM 421,JARDIM BELA VISTA,JARU,RO,Diesel S10,3.5990,'03/07/2018
427,14229920000190,POSTO TITAN CAFELANDIA,"AVENIDA MARECHAL LOTT,  ESQ. DEP. ANTONIO LUSTOSA,1475",,CENTRO,CAFELANDIA,PR,Gasolina C Comum,4.2190,'07/08/2018
428,14229920000190,POSTO TITAN CAFELANDIA,"AVENIDA MARECHAL LOTT,  ESQ. DEP. ANTONIO LUSTOSA,1475",,CENTRO,CAFELANDIA,PR,Etanol,2.6990,'07/08/2018
429,14229920000190,POSTO TITAN CAFELANDIA,"AVENIDA MARECHAL LOTT,  ESQ. DEP. ANTONIO LUSTOSA,1475",,CENTRO,CAFELANDIA,PR,Diesel S500,3.0890,'07/08/2018
430,14229920000190,POSTO TITAN CAFELANDIA,"AVENIDA MARECHAL LOTT,  ESQ. DEP. ANTONIO LUSTOSA,1475",,CENTRO,CAFELANDIA,PR,Diesel S10,3.1390,'07/08/2018
431,14967901000161,POSTO NELCI MARIA LOCATELLI E CIA LTDA,"AVENIDA TAMANDARE,1572",,VILA ALTO SUMARE,CAMPO GRANDE,MS,Gasolina C Comum,4.0900,'28/06/2018
432,14967901000161,POSTO NELCI MARIA LOCATELLI E CIA LTDA,"AVENIDA TAMANDARE,1572",,VILA ALTO SUMARE,CAMPO GRANDE,MS,Etanol,3.1970,'28/06/2018
433,14967901000161,POSTO NELCI MARIA LOCATELLI E CIA LTDA,"AVENIDA TAMANDARE,1572",,VILA ALTO SUMARE,CAMPO GRANDE,MS,Diesel S10,3.4970,'28/06/2018
434,15011160000103,POSTO XINGU,"AVENIDA SANTANA,75",,SANTANA,VARGINHA,MG,Gasolina C Comum,4.8480,'08/10/2018
435,15011160000103,POSTO XINGU,"AVENIDA SANTANA,75",,SANTANA,VARGINHA,MG,Etanol,2.9480,'08/10/2018
436,15011160000103,POSTO XINGU,"AVENIDA SANTANA,75",,SANTANA,VARGINHA,MG,Diesel S500,3.6560,'08/10/2018
437,15011160000103,POSTO XINGU,"AVENIDA SANTANA,75",,SANTANA,VARGINHA,MG,Diesel S10,3.7890,'08/10/2018
438,15203666000114,AUTO POSTO DINALO E IBRAHIM LTDA,"AVENIDA LUCAS NOGUEIRA GARCEZ,370",,JARDIM ESTELA,POA,SP,Gasolina C Comum,4.4990,'16/08/2018
439,15203666000114,AUTO POSTO DINALO E IBRAHIM LTDA,"AVENIDA LUCAS NOGUEIRA GARCEZ,370",,JARDIM ESTELA,POA,SP,Etanol,2.5990,'16/08/2018
440,15203666000114,AUTO POSTO DINALO E IBRAHIM LTDA,"AVENIDA LUCAS NOGUEIRA GARCEZ,370",,JARDIM ESTELA,POA,SP,Diesel S10,3.4990,'16/08/2018
441,15286573000109,POSTO SANTIAGO,"RUA HELENO DE ANDRADE,1154",,SETOR 3,BURITIS,RO,Gasolina C Comum,4.7500,'27/03/2019
442,15286573000109,POSTO SANTIAGO,"RUA HELENO DE ANDRADE,1154",,SETOR 3,BURITIS,RO,Diesel S500,3.8700,'27/03/2019
443,15286573000109,POSTO SANTIAGO,"RUA HELENO DE ANDRADE,1154",,SETOR 3,BURITIS,RO,Diesel S10,3.9800,'27/03/2019
444,15364302000116,AUTO POSTO SAMAPE,"AVENIDA OLIMAR OLIVEIRA RODRIGUES,365",,OVIDIO TEIXEIRA,CAETITE,BA,Gasolina C Comum,4.7990,'03/04/2019
445,15364302000116,AUTO POSTO SAMAPE,"AVENIDA OLIMAR OLIVEIRA RODRIGUES,365",,OVIDIO TEIXEIRA,CAETITE,BA,Etanol,3.3990,'03/04/2019
446,15364302000116,AUTO POSTO SAMAPE,"AVENIDA OLIMAR OLIVEIRA RODRIGUES,365",,OVIDIO TEIXEIRA,CAETITE,BA,Diesel S500,3.7690,'03/04/2019
447,15364302000116,AUTO POSTO SAMAPE,"AVENIDA OLIMAR OLIVEIRA RODRIGUES,365",,OVIDIO TEIXEIRA,CAETITE,BA,Diesel S10,3.8690,'03/04/2019
448,15388267000337,POSTO JOIA,"RUA BARAO DO RIO BRANCO,347",,CENTRO,MIRANDA,MS,Gasolina C Comum,4.6800,'09/04/2019
449,15388267000337,POSTO JOIA,"RUA BARAO DO RIO BRANCO,347",,CENTRO,MIRANDA,MS,Etanol,3.8400,'09/04/2019
450,15388267000337,POSTO JOIA,"RUA BARAO DO RIO BRANCO,347",,CENTRO,MIRANDA,MS,Diesel S500,3.8100,'09/04/2019
451,15388267000337,POSTO JOIA,"RUA BARAO DO RIO BRANCO,347",,CENTRO,MIRANDA,MS,Diesel S10,3.9200,'09/04/2019
452,15619911000179,SSJT SERVICO DE AUTO POSTO LTDA,"RUA MARECHAL RONDON,113",,VILA BRASILEIRA,ASSIS,SP,Gasolina C Comum,3.8990,'01/12/2018
453,15619911000179,SSJT SERVICO DE AUTO POSTO LTDA,"RUA MARECHAL RONDON,113",,VILA BRASILEIRA,ASSIS,SP,Etanol,2.3990,'01/12/2018
454,15619911000179,SSJT SERVICO DE AUTO POSTO LTDA,"RUA MARECHAL RONDON,113",,VILA BRASILEIRA,ASSIS,SP,Diesel S10,3.3990,'01/12/2018
455,15896509000131,POSTO FORTALEZA,"AVENIDA MARECHAL RONDON C/22 DE NOVEMBRO,1582",,DOIS DE ABRIL,JI-PARANA,RO,Gasolina C Comum,4.7690,'28/06/2018
456,15896509000131,POSTO FORTALEZA,"AVENIDA MARECHAL RONDON C/22 DE NOVEMBRO,1582",,DOIS DE ABRIL,JI-PARANA,RO,Etanol,3.9990,'28/06/2018
457,15896509000131,POSTO FORTALEZA,"AVENIDA MARECHAL RONDON C/22 DE NOVEMBRO,1582",,DOIS DE ABRIL,JI-PARANA,RO,Diesel S500,3.6290,'28/06/2018
458,15896509000131,POSTO FORTALEZA,"AVENIDA MARECHAL RONDON C/22 DE NOVEMBRO,1582",,DOIS DE ABRIL,JI-PARANA,RO,Diesel S10,3.6890,'28/06/2018
459,16045015000106,POSTO TERERE,"AVENIDA AFONSO PENA,5264",,CHACARA CACHOEIRA,CAMPO GRANDE,MS,Gasolina C Comum,4.2460,'23/04/2019
460,16045015000106,POSTO TERERE,"AVENIDA AFONSO PENA,5264",,CHACARA CACHOEIRA,CAMPO GRANDE,MS,Etanol,3.6860,'23/04/2019
461,16045015000106,POSTO TERERE,"AVENIDA AFONSO PENA,5264",,CHACARA CACHOEIRA,CAMPO GRANDE,MS,Diesel S10,3.8460,'23/04/2019
462,16709473000100,J.A. COMERCIO DE COMBUSTIVEIS LTDA,"FAZENDA POVOADO LAGOA FUNDA,80",LOTE,ZONA RURAL,BRUMADO,BA,Gasolina C Comum,4.7590,'20/03/2019
463,16709473000100,J.A. COMERCIO DE COMBUSTIVEIS LTDA,"FAZENDA POVOADO LAGOA FUNDA,80",LOTE,ZONA RURAL,BRUMADO,BA,Diesel S500,3.4990,'20/03/2019
464,16709473000100,J.A. COMERCIO DE COMBUSTIVEIS LTDA,"FAZENDA POVOADO LAGOA FUNDA,80",LOTE,ZONA RURAL,BRUMADO,BA,Diesel S10,3.5590,'20/03/2019
465,16808529000176,POSTO REZENDE,"RUA BENJAMIN CONSTANT,461",,ESPLANADA,ARACUAI,MG,Gasolina C Comum,5.4800,'15/10/2018
466,16808529000176,POSTO REZENDE,"RUA BENJAMIN CONSTANT,461",,ESPLANADA,ARACUAI,MG,Etanol,3.4800,'15/10/2018
467,16808529000176,POSTO REZENDE,"RUA BENJAMIN CONSTANT,461",,ESPLANADA,ARACUAI,MG,Diesel S500,4.0700,'15/10/2018
468,16909633000157,POSTOS ARCO VERDE,"ESTRADA DE VERA CRUZ,S/N",LOTE  V DOS COQUEIROS I A       9-3,ZONA DE EXPANCAO,SAO JOSE DE MIPIBU,RN,Gasolina C Comum,4.3300,'17/07/2018
469,16909633000157,POSTOS ARCO VERDE,"ESTRADA DE VERA CRUZ,S/N",LOTE  V DOS COQUEIROS I A       9-3,ZONA DE EXPANCAO,SAO JOSE DE MIPIBU,RN,Etanol,3.5900,'17/07/2018
470,16909633000157,POSTOS ARCO VERDE,"ESTRADA DE VERA CRUZ,S/N",LOTE  V DOS COQUEIROS I A       9-3,ZONA DE EXPANCAO,SAO JOSE DE MIPIBU,RN,Diesel S500,3.3800,'17/07/2018
471,16909633000157,POSTOS ARCO VERDE,"ESTRADA DE VERA CRUZ,S/N",LOTE  V DOS COQUEIROS I A       9-3,ZONA DE EXPANCAO,SAO JOSE DE MIPIBU,RN,Diesel S10,3.4800,'17/07/2018
472,17071865000141,AUTO POSTO TITAN SAPOPEMBA,"AVENIDA SAPOPEMBA,7046",,SAPOPEMBA,SAO PAULO,SP,Gasolina C Comum,3.9990,'08/08/2018
473,17071865000141,AUTO POSTO TITAN SAPOPEMBA,"AVENIDA SAPOPEMBA,7046",,SAPOPEMBA,SAO PAULO,SP,Etanol,2.2990,'08/08/2018
474,17071865000141,AUTO POSTO TITAN SAPOPEMBA,"AVENIDA SAPOPEMBA,7046",,SAPOPEMBA,SAO PAULO,SP,Diesel S10,3.1890,'08/08/2018
475,17112586000189,POSTO LARANJAL,"AVENIDA ADOLFO FETTER,1997",,RECANTO DE PORTUGAL,PELOTAS,RS,Gasolina C Comum,4.7990,'24/07/2018
476,17112586000189,POSTO LARANJAL,"AVENIDA ADOLFO FETTER,1997",,RECANTO DE PORTUGAL,PELOTAS,RS,Etanol,3.9990,'24/07/2018
477,17112586000189,POSTO LARANJAL,"AVENIDA ADOLFO FETTER,1997",,RECANTO DE PORTUGAL,PELOTAS,RS,Diesel S500,3.3990,'24/07/2018
478,17305026000140,OASIS COMBUSTIVEIS LTDA,"RODOVIA BR 101,S/N",KM 80               LOJA  02,IBITIOCA,CAMPOS DOS GOYTACAZES,RJ,Gasolina C Comum,5.1990,'03/07/2018
479,17305026000140,OASIS COMBUSTIVEIS LTDA,"RODOVIA BR 101,S/N",KM 80               LOJA  02,IBITIOCA,CAMPOS DOS GOYTACAZES,RJ,Etanol,3.7990,'03/07/2018
480,17305026000140,OASIS COMBUSTIVEIS LTDA,"RODOVIA BR 101,S/N",KM 80               LOJA  02,IBITIOCA,CAMPOS DOS GOYTACAZES,RJ,GNV,5.0990,'03/07/2018
481,17305026000140,OASIS COMBUSTIVEIS LTDA,"RODOVIA BR 101,S/N",KM 80               LOJA  02,IBITIOCA,CAMPOS DOS GOYTACAZES,RJ,Diesel S500,3.5890,'03/07/2018
482,17305026000140,OASIS COMBUSTIVEIS LTDA,"RODOVIA BR 101,S/N",KM 80               LOJA  02,IBITIOCA,CAMPOS DOS GOYTACAZES,RJ,Diesel S10,3.6390,'03/07/2018
483,17354868000192,POSTO DA FIGUEIRA AGUAS CLARAS,"RODOVIA TAPIR ROCHA,17800",,AGUAS CLARAS,VIAMAO,RS,Gasolina C Comum,4.0990,'11/02/2019
484,17354868000192,POSTO DA FIGUEIRA AGUAS CLARAS,"RODOVIA TAPIR ROCHA,17800",,AGUAS CLARAS,VIAMAO,RS,Etanol,3.7990,'11/02/2019
485,17354868000192,POSTO DA FIGUEIRA AGUAS CLARAS,"RODOVIA TAPIR ROCHA,17800",,AGUAS CLARAS,VIAMAO,RS,Diesel S500,3.3990,'11/02/2019
486,17354868000192,POSTO DA FIGUEIRA AGUAS CLARAS,"RODOVIA TAPIR ROCHA,17800",,AGUAS CLARAS,VIAMAO,RS,Diesel S10,3.5990,'11/02/2019
487,17918376000182,LAVAJATO PARAGUACU,"PRACA PEDRO LEITE,128",,CENTRO,PARAGUACU,MG,Gasolina C Comum,4.6990,'06/12/2018
488,17918376000182,LAVAJATO PARAGUACU,"PRACA PEDRO LEITE,128",,CENTRO,PARAGUACU,MG,Etanol,2.7690,'06/12/2018
489,17918376000182,LAVAJATO PARAGUACU,"PRACA PEDRO LEITE,128",,CENTRO,PARAGUACU,MG,Diesel S500,3.4590,'06/12/2018
490,17918376000182,LAVAJATO PARAGUACU,"PRACA PEDRO LEITE,128",,CENTRO,PARAGUACU,MG,Diesel S10,3.4890,'06/12/2018
491,17962000000175,CUPECE COMERCIO VAREJISTA DE COMBUSTIVEIS EIRELI,"AVENIDA CUPECE,5810",,JARDIM PRUDENCIA,SAO PAULO,SP,Gasolina C Comum,4.3990,'18/09/2018
492,17962000000175,CUPECE COMERCIO VAREJISTA DE COMBUSTIVEIS EIRELI,"AVENIDA CUPECE,5810",,JARDIM PRUDENCIA,SAO PAULO,SP,Etanol,2.4990,'18/09/2018
493,17962000000175,CUPECE COMERCIO VAREJISTA DE COMBUSTIVEIS EIRELI,"AVENIDA CUPECE,5810",,JARDIM PRUDENCIA,SAO PAULO,SP,Diesel S10,3.4990,'18/09/2018
494,18590664000113,A1 COMBUSTIVEIS,"AVENIDA PRESIDENTE VARGAS,357",,SETOR IMPERIAL,GOIATUBA,GO,Gasolina C Comum,4.4900,'25/07/2018
495,18590664000113,A1 COMBUSTIVEIS,"AVENIDA PRESIDENTE VARGAS,357",,SETOR IMPERIAL,GOIATUBA,GO,Etanol,2.6500,'25/07/2018
496,18590664000113,A1 COMBUSTIVEIS,"AVENIDA PRESIDENTE VARGAS,357",,SETOR IMPERIAL,GOIATUBA,GO,Diesel S500,3.3990,'25/07/2018
497,18590664000113,A1 COMBUSTIVEIS,"AVENIDA PRESIDENTE VARGAS,357",,SETOR IMPERIAL,GOIATUBA,GO,Diesel S10,3.5000,'25/07/2018
498,18740269000170,AUTO POSTO AVENIDA,"AVENIDA BRASIL,140",,CENTRO,NOVA CANAA DO NORTE,MT,Gasolina C Comum,4.0400,'11/04/2019
499,18740269000170,AUTO POSTO AVENIDA,"AVENIDA BRASIL,140",,CENTRO,NOVA CANAA DO NORTE,MT,Etanol,2.9800,'26/02/2019
500,18740269000170,AUTO POSTO AVENIDA,"AVENIDA BRASIL,140",,CENTRO,NOVA CANAA DO NORTE,MT,Diesel S500,4.1400,'26/02/2019
501,18740269000170,AUTO POSTO AVENIDA,"AVENIDA BRASIL,140",,CENTRO,NOVA CANAA DO NORTE,MT,Diesel S10,4.2400,'26/02/2019
502,18974530000104,CAMINHO DO MAR AUTO POSTO LTDA,"AVENIDA CAMINHO DO MAR,2965",,RUDGE RAMOS,SAO BERNARDO DO CAMPO,SP,Gasolina C Comum,4.1690,'19/04/2019
503,18974530000104,CAMINHO DO MAR AUTO POSTO LTDA,"AVENIDA CAMINHO DO MAR,2965",,RUDGE RAMOS,SAO BERNARDO DO CAMPO,SP,Etanol,2.8990,'19/04/2019
504,18974530000104,CAMINHO DO MAR AUTO POSTO LTDA,"AVENIDA CAMINHO DO MAR,2965",,RUDGE RAMOS,SAO BERNARDO DO CAMPO,SP,Diesel S10,3.5290,'27/03/2019
505,19079066000147,G20,"RUA DO GLICERIO,498",TERREO,LIBERDADE,SAO PAULO,SP,Gasolina C Comum,3.9990,'26/07/2018
506,19079066000147,G20,"RUA DO GLICERIO,498",TERREO,LIBERDADE,SAO PAULO,SP,Etanol,2.3490,'26/07/2018
507,19219352000160,DERIVADOS DE PETROLEO VITORIA LTDA,"RODOVIA BA 142,S/N",KM    09,SEDE,TANHACU,BA,Gasolina C Comum,4.5590,'07/12/2018
508,19219352000160,DERIVADOS DE PETROLEO VITORIA LTDA,"RODOVIA BA 142,S/N",KM    09,SEDE,TANHACU,BA,Diesel S500,3.5800,'07/12/2018
509,19219352000160,DERIVADOS DE PETROLEO VITORIA LTDA,"RODOVIA BA 142,S/N",KM    09,SEDE,TANHACU,BA,Diesel S10,3.6800,'07/12/2018
510,19292157000166,VALTER GAVASSA COMBUSTIVEIS LTDA,"AVENIDA AFIF JOSE ABDO,37",,RESIDENCIAL PORTAL DA PEROLA II,BIRIGUI,SP,GNV,1.0000,'11/10/2018
511,19292157000166,VALTER GAVASSA COMBUSTIVEIS LTDA,"AVENIDA AFIF JOSE ABDO,37",,RESIDENCIAL PORTAL DA PEROLA II,BIRIGUI,SP,Gasolina C Comum,4.7990,'11/10/2018
512,19292157000166,VALTER GAVASSA COMBUSTIVEIS LTDA,"AVENIDA AFIF JOSE ABDO,37",,RESIDENCIAL PORTAL DA PEROLA II,BIRIGUI,SP,Etanol,2.7990,'11/10/2018
513,19292157000166,VALTER GAVASSA COMBUSTIVEIS LTDA,"AVENIDA AFIF JOSE ABDO,37",,RESIDENCIAL PORTAL DA PEROLA II,BIRIGUI,SP,Diesel S500,3.7990,'11/10/2018
514,19292157000166,VALTER GAVASSA COMBUSTIVEIS LTDA,"AVENIDA AFIF JOSE ABDO,37",,RESIDENCIAL PORTAL DA PEROLA II,BIRIGUI,SP,Diesel S10,3.8990,'11/10/2018
515,19520321000145,GOL AUTO POSTO,"AVENIDA AYRTON SENNA,1025",,SETOR 3,BURITIS,RO,Diesel S500,3.6200,'06/07/2018
516,19520321000145,GOL AUTO POSTO,"AVENIDA AYRTON SENNA,1025",,SETOR 3,BURITIS,RO,Diesel S10,3.7200,'06/07/2018
517,19520321000145,GOL AUTO POSTO,"AVENIDA AYRTON SENNA,1025",,SETOR 3,BURITIS,RO,Gasolina C Comum,4.8100,'06/07/2018
518,19520321000145,GOL AUTO POSTO,"AVENIDA AYRTON SENNA,1025",,SETOR 3,BURITIS,RO,Etanol,4.1600,'06/07/2018
519,19953346000132,POROROCA AUTO POSTO IV,"AVENIDA EURICO SOARES ANDRADE,1071",,CENTRO,NOVA ANDRADINA,MS,Gasolina C Comum,4.1900,'27/07/2018
520,19953346000132,POROROCA AUTO POSTO IV,"AVENIDA EURICO SOARES ANDRADE,1071",,CENTRO,NOVA ANDRADINA,MS,Etanol,2.9900,'16/07/2018
521,19953346000132,POROROCA AUTO POSTO IV,"AVENIDA EURICO SOARES ANDRADE,1071",,CENTRO,NOVA ANDRADINA,MS,Diesel S500,3.3900,'16/07/2018
522,19953346000132,POROROCA AUTO POSTO IV,"AVENIDA EURICO SOARES ANDRADE,1071",,CENTRO,NOVA ANDRADINA,MS,Diesel S10,3.4900,'16/07/2018
523,20630766000167,POSTO MAX,"ACESSO PLINIO ARLINDO DE NES,3821",D,BELVEDERE,CHAPECO,SC,Gasolina C Comum,4.3990,'25/09/2018
524,20630766000167,POSTO MAX,"ACESSO PLINIO ARLINDO DE NES,3821",D,BELVEDERE,CHAPECO,SC,Diesel S500,3.3990,'25/09/2018
525,20630766000167,POSTO MAX,"ACESSO PLINIO ARLINDO DE NES,3821",D,BELVEDERE,CHAPECO,SC,Diesel S10,3.4690,'25/09/2018
526,20630766000248,AUTO POSTO IMPERIAL,"RODOVIA SC 355,2010",KM 55,DOIS PINHEIROS,VIDEIRA,SC,Gasolina C Comum,4.3990,'25/09/2018
527,20630766000248,AUTO POSTO IMPERIAL,"RODOVIA SC 355,2010",KM 55,DOIS PINHEIROS,VIDEIRA,SC,Diesel S10,3.4990,'25/09/2018
528,21205041000194,POSTO ROTTAVA,"AVENIDA PINHEIRO MACHADO,5826",,IGARAPE,PORTO VELHO,RO,Gasolina C Comum,3.8290,'08/02/2019
529,21205041000194,POSTO ROTTAVA,"AVENIDA PINHEIRO MACHADO,5826",,IGARAPE,PORTO VELHO,RO,Diesel S500,3.6090,'08/02/2019
530,21205041000194,POSTO ROTTAVA,"AVENIDA PINHEIRO MACHADO,5826",,IGARAPE,PORTO VELHO,RO,Diesel S10,3.7090,'08/02/2019
531,21298404000183,POSTOS ARCO VERDE,"RUA ROSA FERNANDES SILVA,355",,NOVA ESPERANCA,PARNAMIRIM,RN,Gasolina C Comum,4.7690,'29/07/2018
532,21298404000183,POSTOS ARCO VERDE,"RUA ROSA FERNANDES SILVA,355",,NOVA ESPERANCA,PARNAMIRIM,RN,Etanol,3.5990,'29/07/2018
533,21298404000183,POSTOS ARCO VERDE,"RUA ROSA FERNANDES SILVA,355",,NOVA ESPERANCA,PARNAMIRIM,RN,Diesel S500,3.4700,'29/07/2018
534,21298404000183,POSTOS ARCO VERDE,"RUA ROSA FERNANDES SILVA,355",,NOVA ESPERANCA,PARNAMIRIM,RN,Diesel S10,3.5990,'29/07/2018
535,22623880000195,AUTO POSTO DELABRANTE LTDA,"RUA SALDANHA MARINHO,1174",,CENTRO,GUARAPUAVA,PR,Gasolina C Comum,4.5200,'24/09/2018
536,22623880000195,AUTO POSTO DELABRANTE LTDA,"RUA SALDANHA MARINHO,1174",,CENTRO,GUARAPUAVA,PR,Etanol,2.9200,'24/09/2018
537,22623880000195,AUTO POSTO DELABRANTE LTDA,"RUA SALDANHA MARINHO,1174",,CENTRO,GUARAPUAVA,PR,Diesel S10,3.3900,'24/09/2018
538,22955868000188,POSTO CASCAO,"AVENIDA TANCREDO NEVES,120",,COHAB,TUCURUI,PA,Gasolina C Comum,5.1700,'08/10/2018
539,22955868000188,POSTO CASCAO,"AVENIDA TANCREDO NEVES,120",,COHAB,TUCURUI,PA,Diesel S500,4.1400,'08/10/2018
540,22955868000188,POSTO CASCAO,"AVENIDA TANCREDO NEVES,120",,COHAB,TUCURUI,PA,Diesel S10,4.1600,'08/10/2018
541,23749013000163,POSTO SERRA NEGRA,"AVENIDA BRASILIA,416",,SAO BENEDITO,SANTA LUZIA,MG,Gasolina C Comum,4.5480,'11/04/2019
542,23749013000163,POSTO SERRA NEGRA,"AVENIDA BRASILIA,416",,SAO BENEDITO,SANTA LUZIA,MG,Etanol,2.9480,'11/04/2019
543,23749013000163,POSTO SERRA NEGRA,"AVENIDA BRASILIA,416",,SAO BENEDITO,SANTA LUZIA,MG,Diesel S10,3.5980,'11/04/2019
544,23830523000160,AUTO POSTO CAMPECHE EIRELI,"RODOVIA FRANCISCO MAGNO VIEIRA,3.950",,CAMPECHE,FLORIANOPOLIS,SC,Gasolina C Comum,4.1990,'18/07/2018
545,23830523000160,AUTO POSTO CAMPECHE EIRELI,"RODOVIA FRANCISCO MAGNO VIEIRA,3.950",,CAMPECHE,FLORIANOPOLIS,SC,Diesel S10,3.2990,'18/07/2018
546,23859521000102,AUTO POSTO COLOSSAL MERCES LTDA,"RUA MARTIM AFONSO,700",,MERCES,CURITIBA,PR,Gasolina C Comum,4.2490,'23/04/2019
547,23859521000102,AUTO POSTO COLOSSAL MERCES LTDA,"RUA MARTIM AFONSO,700",,MERCES,CURITIBA,PR,Etanol,3.1990,'23/04/2019
548,23859521000102,AUTO POSTO COLOSSAL MERCES LTDA,"RUA MARTIM AFONSO,700",,MERCES,CURITIBA,PR,Diesel S10,3.4490,'23/04/2019
549,23898869000109,AUTO POSTO XANATAM LTDA,"RODOVIA RODOVIA MG 5,765",,GOIANIA,BELO HORIZONTE,MG,Gasolina C Comum,4.5480,'11/04/2019
550,23898869000109,AUTO POSTO XANATAM LTDA,"RODOVIA RODOVIA MG 5,765",,GOIANIA,BELO HORIZONTE,MG,Etanol,2.9880,'11/04/2019
551,23898869000109,AUTO POSTO XANATAM LTDA,"RODOVIA RODOVIA MG 5,765",,GOIANIA,BELO HORIZONTE,MG,Diesel S10,3.5980,'11/04/2019
552,24601882000109,POSTO KATIA LOCATELLI,"RUA CEARA,1661",,VILA CELIA,CAMPO GRANDE,MS,Gasolina C Comum,4.0570,'23/07/2018
553,24601882000109,POSTO KATIA LOCATELLI,"RUA CEARA,1661",,VILA CELIA,CAMPO GRANDE,MS,Etanol,2.9970,'23/07/2018
554,24601882000109,POSTO KATIA LOCATELLI,"RUA CEARA,1661",,VILA CELIA,CAMPO GRANDE,MS,Diesel S10,3.4970,'23/07/2018
555,24610891000166,POSTO CAMPO GRANDE,"AVENIDA CAPIBARIBE,327",,SILVIA REGINA,CAMPO GRANDE,MS,Gasolina C Comum,4.0890,'29/06/2018
556,24610891000166,POSTO CAMPO GRANDE,"AVENIDA CAPIBARIBE,327",,SILVIA REGINA,CAMPO GRANDE,MS,Etanol,3.2990,'29/06/2018
557,24610891000166,POSTO CAMPO GRANDE,"AVENIDA CAPIBARIBE,327",,SILVIA REGINA,CAMPO GRANDE,MS,Diesel S500,3.4290,'29/06/2018
558,24610891000166,POSTO CAMPO GRANDE,"AVENIDA CAPIBARIBE,327",,SILVIA REGINA,CAMPO GRANDE,MS,Diesel S10,3.4990,'29/06/2018
559,24624785000131,POSTINHO,"AVENIDA DO POETA,990",,DO DESBARRANCADO,CAMPO GRANDE,MS,Gasolina C Comum,4.0990,'06/12/2018
560,24624785000131,POSTINHO,"AVENIDA DO POETA,990",,DO DESBARRANCADO,CAMPO GRANDE,MS,Etanol,3.2990,'25/10/2018
561,24624785000131,POSTINHO,"AVENIDA DO POETA,990",,DO DESBARRANCADO,CAMPO GRANDE,MS,Diesel S500,3.5690,'06/12/2018
562,24624785000131,POSTINHO,"AVENIDA DO POETA,990",,DO DESBARRANCADO,CAMPO GRANDE,MS,Diesel S10,3.5990,'06/12/2018
563,24725400000122,POSTO CORONEL,"RODOVIA MT 320 KM 33,S/N",,ZONA RURAL,COLIDER,MT,Gasolina C Comum,4.9200,'15/08/2018
564,24725400000122,POSTO CORONEL,"RODOVIA MT 320 KM 33,S/N",,ZONA RURAL,COLIDER,MT,Etanol,2.9700,'15/08/2018
565,24725400000122,POSTO CORONEL,"RODOVIA MT 320 KM 33,S/N",,ZONA RURAL,COLIDER,MT,Diesel S500,3.8700,'15/08/2018
566,24725400000122,POSTO CORONEL,"RODOVIA MT 320 KM 33,S/N",,ZONA RURAL,COLIDER,MT,Diesel S10,3.9900,'15/08/2018
567,25240709000195,POSTO INTERLAGOS,"RUA ALMEIDA,700",QUADRA0082                LOTE  010E,VILA JARDIM RIO CLARO,JATAI,GO,Gasolina C Comum,5.1500,'01/10/2018
568,25240709000195,POSTO INTERLAGOS,"RUA ALMEIDA,700",QUADRA0082                LOTE  010E,VILA JARDIM RIO CLARO,JATAI,GO,Etanol,3.1200,'01/10/2018
569,25240709000195,POSTO INTERLAGOS,"RUA ALMEIDA,700",QUADRA0082                LOTE  010E,VILA JARDIM RIO CLARO,JATAI,GO,Diesel S500,3.9900,'01/10/2018
570,25240709000195,POSTO INTERLAGOS,"RUA ALMEIDA,700",QUADRA0082                LOTE  010E,VILA JARDIM RIO CLARO,JATAI,GO,Diesel S10,4.0900,'01/10/2018
571,25550716000193,POSTO DAS NACOES LTDA,"RODOVIA MG 5,KM 6",,,SABARA,MG,Diesel S500,3.2240,'11/03/2019
572,25550716000193,POSTO DAS NACOES LTDA,"RODOVIA MG 5,KM 6",,,SABARA,MG,Gasolina C Comum,4.1570,'11/03/2019
573,25550716000193,POSTO DAS NACOES LTDA,"RODOVIA MG 5,KM 6",,,SABARA,MG,Etanol,2.8800,'11/03/2019
574,25550716000193,POSTO DAS NACOES LTDA,"RODOVIA MG 5,KM 6",,,SABARA,MG,Diesel S10,3.2890,'11/03/2019
575,25680117000194,POSTO ARCO-IRIS,"AVENIDA LUIS TANURE,34",,CENTRO,MEDINA,MG,Gasolina C Comum,4.8490,'28/03/2019
576,25680117000194,POSTO ARCO-IRIS,"AVENIDA LUIS TANURE,34",,CENTRO,MEDINA,MG,Etanol,3.2990,'28/03/2019
577,25680117000194,POSTO ARCO-IRIS,"AVENIDA LUIS TANURE,34",,CENTRO,MEDINA,MG,Diesel S10,3.8790,'28/03/2019
578,25865312000199,POSTOS SR,"AVENIDA COLUMBIA,540",,RIACHO DAS PEDRAS,CONTAGEM,MG,Gasolina C Comum,4.6770,'21/06/2018
579,25865312000199,POSTOS SR,"AVENIDA COLUMBIA,540",,RIACHO DAS PEDRAS,CONTAGEM,MG,Etanol,2.9980,'21/06/2018
580,25865312000199,POSTOS SR,"AVENIDA COLUMBIA,540",,RIACHO DAS PEDRAS,CONTAGEM,MG,Diesel S500,3.4390,'21/06/2018
581,25865312000199,POSTOS SR,"AVENIDA COLUMBIA,540",,RIACHO DAS PEDRAS,CONTAGEM,MG,Diesel S10,3.4990,'21/06/2018
582,26529830000285,AUTO POSTO VO CLOVIS LTDA,"RUA WALDEMAR RANGRAB,2050",,PEPERI,SAO MIGUEL DO OESTE,SC,Gasolina C Comum,4.3990,'25/09/2018
583,26529830000285,AUTO POSTO VO CLOVIS LTDA,"RUA WALDEMAR RANGRAB,2050",,PEPERI,SAO MIGUEL DO OESTE,SC,Diesel S500,3.3990,'25/09/2018
584,26529830000285,AUTO POSTO VO CLOVIS LTDA,"RUA WALDEMAR RANGRAB,2050",,PEPERI,SAO MIGUEL DO OESTE,SC,Diesel S10,3.4490,'25/09/2018
585,26529830000447,AUTO POSTO VO CLOVIS LTDA,"RUA BARAO DO RIO BRANCO,165",,CENTRO,BRUSQUE,SC,Gasolina C Comum,4.0900,'24/09/2018
586,26529830000447,AUTO POSTO VO CLOVIS LTDA,"RUA BARAO DO RIO BRANCO,165",,CENTRO,BRUSQUE,SC,Diesel S10,3.3900,'24/09/2018
587,26602128000119,POSTO NOVO CEU,"RODOVIA MT 320,S/N",KM 79,TREVO CANAA,NOVA CANAA DO NORTE,MT,Gasolina C Comum,4.8600,'11/04/2019
588,26602128000119,POSTO NOVO CEU,"RODOVIA MT 320,S/N",KM 79,TREVO CANAA,NOVA CANAA DO NORTE,MT,Etanol,3.0800,'23/04/2019
589,26602128000119,POSTO NOVO CEU,"RODOVIA MT 320,S/N",KM 79,TREVO CANAA,NOVA CANAA DO NORTE,MT,Diesel S500,4.0800,'26/02/2019
590,26602128000119,POSTO NOVO CEU,"RODOVIA MT 320,S/N",KM 79,TREVO CANAA,NOVA CANAA DO NORTE,MT,Diesel S10,4.1800,'26/02/2019
591,27336719000154,POSTO TOTAL,"RUA CONSELHEIRO PORTELA,210",,ESPINHEIRO,RECIFE,PE,Gasolina C Comum,4.3490,'29/11/2018
592,27336719000154,POSTO TOTAL,"RUA CONSELHEIRO PORTELA,210",,ESPINHEIRO,RECIFE,PE,Etanol,3.1990,'29/11/2018
593,27336719000154,POSTO TOTAL,"RUA CONSELHEIRO PORTELA,210",,ESPINHEIRO,RECIFE,PE,Diesel S10,3.7990,'29/11/2018
594,27444236000173,AUTO POSTO GAUCHINHO,"RUA MAJOR CARLOS DA SILVA,1131",,VILA JUQUITA,MARACAJU,MS,Gasolina C Comum,4.4690,'27/06/2018
595,27444236000173,AUTO POSTO GAUCHINHO,"RUA MAJOR CARLOS DA SILVA,1131",,VILA JUQUITA,MARACAJU,MS,Etanol,3.3990,'27/06/2018
596,27444236000173,AUTO POSTO GAUCHINHO,"RUA MAJOR CARLOS DA SILVA,1131",,VILA JUQUITA,MARACAJU,MS,Diesel S500,3.5400,'27/06/2018
597,27444236000173,AUTO POSTO GAUCHINHO,"RUA MAJOR CARLOS DA SILVA,1131",,VILA JUQUITA,MARACAJU,MS,Diesel S10,3.6000,'27/06/2018
598,28771931000102,MANANCIAL COMERCIO DE COMBUSTIVEIS,"RUA 21,1380",QUADRA42                  LOTE  01,CENTRO,EDEALINA,GO,Gasolina C Comum,4.7990,'04/10/2018
599,28771931000102,MANANCIAL COMERCIO DE COMBUSTIVEIS,"RUA 21,1380",QUADRA42                  LOTE  01,CENTRO,EDEALINA,GO,Etanol,2.8890,'04/10/2018
600,28771931000102,MANANCIAL COMERCIO DE COMBUSTIVEIS,"RUA 21,1380",QUADRA42                  LOTE  01,CENTRO,EDEALINA,GO,Diesel S500,3.6990,'04/10/2018
601,28771931000102,MANANCIAL COMERCIO DE COMBUSTIVEIS,"RUA 21,1380",QUADRA42                  LOTE  01,CENTRO,EDEALINA,GO,Diesel S10,3.7990,'04/10/2018
602,28861014000119,POSTO SAM,"ESTRADA DE RIBAMAR,11",,VILA KIOLA,SAO JOSE DE RIBAMAR,MA,Gasolina C Comum,4.0990,'13/07/2018
603,28861014000119,POSTO SAM,"ESTRADA DE RIBAMAR,11",,VILA KIOLA,SAO JOSE DE RIBAMAR,MA,Diesel S10,3.3990,'13/07/2018
604,29402611000148,GTX,"AVENIDA BRIGADEIRO JOSE VICENTE DE FARIA LIMA,815",,JARDIM MARIA AUGUSTA,TAUBATE,SP,Gasolina C Comum,4.1490,'19/04/2019
605,29402611000148,GTX,"AVENIDA BRIGADEIRO JOSE VICENTE DE FARIA LIMA,815",,JARDIM MARIA AUGUSTA,TAUBATE,SP,Etanol,2.8990,'19/04/2019
606,29402611000148,GTX,"AVENIDA BRIGADEIRO JOSE VICENTE DE FARIA LIMA,815",,JARDIM MARIA AUGUSTA,TAUBATE,SP,Diesel S10,3.4790,'27/03/2019
607,30701345000133,POSTOS MAX,"AVENIDA BRASIL,588",,CENTRO,PASSO FUNDO,RS,Gasolina C Comum,4.7590,'25/09/2018
608,30701345000133,POSTOS MAX,"AVENIDA BRASIL,588",,CENTRO,PASSO FUNDO,RS,Diesel S10,3.4990,'25/09/2018
609,31145107000151,AUTO POSTO SANTO ANGELO,"AVENIDA JO SATO,802",,JARDIM ELDORADO,VILHENA,RO,Gasolina C Comum,4.4790,'26/03/2019
610,31145107000151,AUTO POSTO SANTO ANGELO,"AVENIDA JO SATO,802",,JARDIM ELDORADO,VILHENA,RO,Etanol,3.5990,'26/03/2019
611,31145107000151,AUTO POSTO SANTO ANGELO,"AVENIDA JO SATO,802",,JARDIM ELDORADO,VILHENA,RO,Diesel S500,3.8690,'26/03/2019
612,31145107000151,AUTO POSTO SANTO ANGELO,"AVENIDA JO SATO,802",,JARDIM ELDORADO,VILHENA,RO,Diesel S10,3.9590,'26/03/2019
613,31372642000145,REMAN COMERCIO DE PETROLEO LTDA,"AVENIDA MARECHAL ALENCASTRO,3571",,ANCHIETA,RIO DE JANEIRO,RJ,Gasolina C Comum,4.6780,'12/07/2018
614,31372642000145,REMAN COMERCIO DE PETROLEO LTDA,"AVENIDA MARECHAL ALENCASTRO,3571",,ANCHIETA,RIO DE JANEIRO,RJ,Etanol,3.1680,'12/07/2018
615,31372642000145,REMAN COMERCIO DE PETROLEO LTDA,"AVENIDA MARECHAL ALENCASTRO,3571",,ANCHIETA,RIO DE JANEIRO,RJ,Diesel S10,3.2880,'12/07/2018
616,31372642000145,REMAN COMERCIO DE PETROLEO LTDA,"AVENIDA MARECHAL ALENCASTRO,3571",,ANCHIETA,RIO DE JANEIRO,RJ,Diesel S500,3.2880,'12/07/2018
617,33088436000133,POSTO SANTA CRUZ,"AVENIDA BRAZ DE PINA,832",,PENHA,RIO DE JANEIRO,RJ,Gasolina C Comum,4.6990,'31/01/2019
618,33088436000133,POSTO SANTA CRUZ,"AVENIDA BRAZ DE PINA,832",,PENHA,RIO DE JANEIRO,RJ,Etanol,4.0990,'31/01/2019
619,33088436000133,POSTO SANTA CRUZ,"AVENIDA BRAZ DE PINA,832",,PENHA,RIO DE JANEIRO,RJ,Diesel S10,3.5990,'31/01/2019
620,33201971000159,POSTO DE GASOLINA JUREMA LTDA,"RUA CONDE DE BONFIM,734",,TIJUCA,RIO DE JANEIRO,RJ,Gasolina C Comum,4.8990,'21/02/2019
621,33201971000159,POSTO DE GASOLINA JUREMA LTDA,"RUA CONDE DE BONFIM,734",,TIJUCA,RIO DE JANEIRO,RJ,Etanol,4.0990,'21/02/2019
622,33201971000159,POSTO DE GASOLINA JUREMA LTDA,"RUA CONDE DE BONFIM,734",,TIJUCA,RIO DE JANEIRO,RJ,Diesel S10,3.6970,'21/02/2019
623,33250929000128,POSTO IATE COMBUSTIVEIS E LUBRIFICANTES LTDA,"AVENIDA PASTEUR,S/N",INTERIOR DO ICRJ,URCA,RIO DE JANEIRO,RJ,Gasolina C Comum,4.9990,'29/11/2018
624,33517491000100,POSTO DE LUBRIFICAÇÃO COMODORO LTDA,"RUA SENADOR VERGUEIRO,9", ,FLAMENGO,RIO DE JANEIRO,RJ,Gasolina C Comum,5.0990,'17/04/2019
625,33517491000100,POSTO DE LUBRIFICAÇÃO COMODORO LTDA,"RUA SENADOR VERGUEIRO,9", ,FLAMENGO,RIO DE JANEIRO,RJ,Etanol,4.3990,'17/04/2019
626,33785148000138,AUTO POSTO PIT-STOP LTDA.,"AVENIDA PRESIDENTE VARGAS,1460",,CENTRO,DOURADOS,MS,Gasolina C Comum,4.3990,'16/07/2018
627,33785148000138,AUTO POSTO PIT-STOP LTDA.,"AVENIDA PRESIDENTE VARGAS,1460",,CENTRO,DOURADOS,MS,Etanol,3.3290,'11/07/2018
628,33785148000138,AUTO POSTO PIT-STOP LTDA.,"AVENIDA PRESIDENTE VARGAS,1460",,CENTRO,DOURADOS,MS,Diesel S500,3.6380,'04/07/2018
629,33785148000138,AUTO POSTO PIT-STOP LTDA.,"AVENIDA PRESIDENTE VARGAS,1460",,CENTRO,DOURADOS,MS,Diesel S10,3.7190,'04/07/2018
630,33885534000100,POSTO LEAO,"RUA FLORES DA CUNHA,25",SALA,CENTRO,MACAUBAS,BA,Gasolina C Comum,5.1990,'19/09/2018
631,33885534000100,POSTO LEAO,"RUA FLORES DA CUNHA,25",SALA,CENTRO,MACAUBAS,BA,Etanol,3.5990,'19/09/2018
632,33885534000100,POSTO LEAO,"RUA FLORES DA CUNHA,25",SALA,CENTRO,MACAUBAS,BA,Diesel S500,3.9990,'19/09/2018
633,33885534000100,POSTO LEAO,"RUA FLORES DA CUNHA,25",SALA,CENTRO,MACAUBAS,BA,Diesel S10,4.0990,'19/09/2018
634,34002337000150,POSTOS IATE COMERCIO E SERVICOS LTDA,"AVENIDA REPORT NESTOR MOREIRA,41",,BOTAFOGO,RIO DE JANEIRO,RJ,Gasolina C Comum,5.2690,'22/04/2019
635,34002337000150,POSTOS IATE COMERCIO E SERVICOS LTDA,"AVENIDA REPORT NESTOR MOREIRA,41",,BOTAFOGO,RIO DE JANEIRO,RJ,Etanol,4.4990,'22/04/2019
636,34002337000150,POSTOS IATE COMERCIO E SERVICOS LTDA,"AVENIDA REPORT NESTOR MOREIRA,41",,BOTAFOGO,RIO DE JANEIRO,RJ,Diesel S10,4.1590,'22/04/2019
637,34147157000166,AUTO POSTO EXCEDE LTDA,"AVENIDA EPITACIO PESSOA,4630",,LAGOA,RIO DE JANEIRO,RJ,Gasolina C Comum,5.2690,'22/04/2019
638,34147157000166,AUTO POSTO EXCEDE LTDA,"AVENIDA EPITACIO PESSOA,4630",,LAGOA,RIO DE JANEIRO,RJ,Etanol,4.3990,'22/04/2019
639,34147157000166,AUTO POSTO EXCEDE LTDA,"AVENIDA EPITACIO PESSOA,4630",,LAGOA,RIO DE JANEIRO,RJ,Diesel S10,3.9990,'22/04/2019
640,36990794000125,AUTO POSTO COIMBRA,"AVENIDA ARAGUAIA,1462",QUADRA 97 LOTES 1 E 2,INDUSTRIAL,ARAGUATINS,TO,Gasolina C Comum,5.2000,'27/09/2018
641,36990794000125,AUTO POSTO COIMBRA,"AVENIDA ARAGUAIA,1462",QUADRA 97 LOTES 1 E 2,INDUSTRIAL,ARAGUATINS,TO,Etanol,3.8500,'27/09/2018
642,36990794000125,AUTO POSTO COIMBRA,"AVENIDA ARAGUAIA,1462",QUADRA 97 LOTES 1 E 2,INDUSTRIAL,ARAGUATINS,TO,Diesel S500,3.7800,'27/09/2018
643,36990794000125,AUTO POSTO COIMBRA,"AVENIDA ARAGUAIA,1462",QUADRA 97 LOTES 1 E 2,INDUSTRIAL,ARAGUATINS,TO,Diesel S10,3.8100,'27/09/2018
644,37563426000163,POSTO CARAZINHO,"RUA PREFEITO THEOFANES,2691",,CENTRO,RIO BRILHANTE,MS,Gasolina C Comum,4.5900,'27/06/2018
645,37563426000163,POSTO CARAZINHO,"RUA PREFEITO THEOFANES,2691",,CENTRO,RIO BRILHANTE,MS,Etanol,3.4900,'27/06/2018
646,37563426000163,POSTO CARAZINHO,"RUA PREFEITO THEOFANES,2691",,CENTRO,RIO BRILHANTE,MS,Diesel S500,3.6900,'27/06/2018
647,37563426000163,POSTO CARAZINHO,"RUA PREFEITO THEOFANES,2691",,CENTRO,RIO BRILHANTE,MS,Diesel S10,3.8000,'27/06/2018
648,37563426000244,POSTO TCHE,"RUA BENJAMIN CONSTANT,2054",,BAIRRO NORTE,RIO BRILHANTE,MS,Gasolina C Comum,4.6900,'27/06/2018
649,37563426000244,POSTO TCHE,"RUA BENJAMIN CONSTANT,2054",,BAIRRO NORTE,RIO BRILHANTE,MS,Etanol,3.4900,'27/06/2018
650,37563426000244,POSTO TCHE,"RUA BENJAMIN CONSTANT,2054",,BAIRRO NORTE,RIO BRILHANTE,MS,Diesel S500,3.6900,'27/06/2018
651,37563426000244,POSTO TCHE,"RUA BENJAMIN CONSTANT,2054",,BAIRRO NORTE,RIO BRILHANTE,MS,Diesel S10,3.8000,'27/06/2018
652,39010798000198,POSTO ELEFANTINHO,"RUA FLORIANO PEIXOTO,1350",,CENTRO,LINS,SP,Gasolina C Comum,4.1590,'26/02/2019
653,39010798000198,POSTO ELEFANTINHO,"RUA FLORIANO PEIXOTO,1350",,CENTRO,LINS,SP,Etanol,2.8290,'26/02/2019
654,39010798000198,POSTO ELEFANTINHO,"RUA FLORIANO PEIXOTO,1350",,CENTRO,LINS,SP,Diesel S10,3.5990,'26/02/2019
655,40296824000175,KEM COM REP TRANSP SERV EXP IMP PROD DERV PETROLEO LTDA," ETR  MARECHAL ALENCASTRO,3660",,ANCHIETA,RIO DE JANEIRO,RJ,Gasolina C Comum,4.8790,'06/03/2019
656,40296824000175,KEM COM REP TRANSP SERV EXP IMP PROD DERV PETROLEO LTDA," ETR  MARECHAL ALENCASTRO,3660",,ANCHIETA,RIO DE JANEIRO,RJ,Etanol,3.9970,'03/04/2019
657,40296824000175,KEM COM REP TRANSP SERV EXP IMP PROD DERV PETROLEO LTDA," ETR  MARECHAL ALENCASTRO,3660",,ANCHIETA,RIO DE JANEIRO,RJ,GNV,2.9980,'09/11/2018
658,40296824000175,KEM COM REP TRANSP SERV EXP IMP PROD DERV PETROLEO LTDA," ETR  MARECHAL ALENCASTRO,3660",,ANCHIETA,RIO DE JANEIRO,RJ,Diesel S500,3.6550,'29/03/2019
659,40296824000175,KEM COM REP TRANSP SERV EXP IMP PROD DERV PETROLEO LTDA," ETR  MARECHAL ALENCASTRO,3660",,ANCHIETA,RIO DE JANEIRO,RJ,Diesel S10,3.7990,'08/03/2019
660,41526112000168,POSTO SAO JOSE,"RODOVIA BR 142,S/N",KM 01,ZONA RURAL,PIO IX,PI,Gasolina C Comum,4.9000,'24/07/2018
661,41526112000168,POSTO SAO JOSE,"RODOVIA BR 142,S/N",KM 01,ZONA RURAL,PIO IX,PI,Diesel S10,3.5500,'24/07/2018
662,41798398000130,POSTO LAMPARINA,"RODOVIA BR 135,SN",KM: 510;,CENTRO,BUENOPOLIS,MG,Gasolina C Comum,5.1490,'08/10/2018
663,41798398000130,POSTO LAMPARINA,"RODOVIA BR 135,SN",KM: 510;,CENTRO,BUENOPOLIS,MG,Etanol,3.5690,'08/10/2018
664,41798398000130,POSTO LAMPARINA,"RODOVIA BR 135,SN",KM: 510;,CENTRO,BUENOPOLIS,MG,Diesel S10,3.9890,'08/10/2018
665,42299370000111,POSTO RUBI,"RUA BELISÁRIO PENA,760",,PENHA,RIO DE JANEIRO,RJ,Gasolina C Comum,4.8590,'05/11/2018
666,42299370000111,POSTO RUBI,"RUA BELISÁRIO PENA,760",,PENHA,RIO DE JANEIRO,RJ,Etanol,3.3990,'05/11/2018
667,42299370000111,POSTO RUBI,"RUA BELISÁRIO PENA,760",,PENHA,RIO DE JANEIRO,RJ,GNV,2.8990,'05/11/2018
668,42299370000111,POSTO RUBI,"RUA BELISÁRIO PENA,760",,PENHA,RIO DE JANEIRO,RJ,Diesel S500,3.5590,'05/11/2018
669,42299370000111,POSTO RUBI,"RUA BELISÁRIO PENA,760",,PENHA,RIO DE JANEIRO,RJ,Diesel S10,3.6590,'05/11/2018
670,48299440000118,"KOIKE, KOIKE & CIA LTDA","AVENIDA IRMAS CINTRA,525",,CENTRO,SAO MANUEL,SP,Gasolina C Comum,4.5000,'20/06/2018
671,48299440000118,"KOIKE, KOIKE & CIA LTDA","AVENIDA IRMAS CINTRA,525",,CENTRO,SAO MANUEL,SP,Etanol,2.9800,'20/06/2018
672,48299440000118,"KOIKE, KOIKE & CIA LTDA","AVENIDA IRMAS CINTRA,525",,CENTRO,SAO MANUEL,SP,Diesel S500,3.4100,'20/06/2018
673,53328944000159,AUTO POSTO BANDEIRA,"AVENIDA JOAO PESSOA,1426",,PEDREGULHO,GUARATINGUETA,SP,Gasolina C Comum,4.1790,'19/04/2019
674,53328944000159,AUTO POSTO BANDEIRA,"AVENIDA JOAO PESSOA,1426",,PEDREGULHO,GUARATINGUETA,SP,Etanol,3.0790,'19/04/2019
675,53328944000159,AUTO POSTO BANDEIRA,"AVENIDA JOAO PESSOA,1426",,PEDREGULHO,GUARATINGUETA,SP,Diesel S500,3.4990,'19/04/2019
676,53328944000159,AUTO POSTO BANDEIRA,"AVENIDA JOAO PESSOA,1426",,PEDREGULHO,GUARATINGUETA,SP,Diesel S10,3.5990,'19/04/2019
677,58662446000161,AUTO POSTO 4R LTDA.,"RODOVIA PRESIDENTE DUTRA,S/N",KM 124,CAMPO GRANDE,CACAPAVA,SP,Gasolina C Comum,4.1790,'19/04/2019
678,58662446000161,AUTO POSTO 4R LTDA.,"RODOVIA PRESIDENTE DUTRA,S/N",KM 124,CAMPO GRANDE,CACAPAVA,SP,Etanol,2.8990,'19/04/2019
679,58662446000161,AUTO POSTO 4R LTDA.,"RODOVIA PRESIDENTE DUTRA,S/N",KM 124,CAMPO GRANDE,CACAPAVA,SP,Diesel S500,3.3490,'19/04/2019
680,58662446000161,AUTO POSTO 4R LTDA.,"RODOVIA PRESIDENTE DUTRA,S/N",KM 124,CAMPO GRANDE,CACAPAVA,SP,Diesel S10,3.4490,'19/04/2019
681,61109229000153,AUTO POSTO DA FÉ LTDA,"AVENIDA CONSELHEIRO CARRÃO,3481", ,VILA CARRÃO,SAO PAULO,SP,Gasolina C Comum,4.2990,'31/07/2018
682,61109229000153,AUTO POSTO DA FÉ LTDA,"AVENIDA CONSELHEIRO CARRÃO,3481", ,VILA CARRÃO,SAO PAULO,SP,Etanol,2.5990,'31/07/2018
683,61109229000153,AUTO POSTO DA FÉ LTDA,"AVENIDA CONSELHEIRO CARRÃO,3481", ,VILA CARRÃO,SAO PAULO,SP,Diesel S10,3.4390,'31/07/2018
684,70056510000166,POSTO GONZAGAO,"RODOVIA ASA BRANCA BR 122 KM 38,SN",,CENTRO,EXU,PE,Gasolina C Comum,4.6590,'07/01/2019
685,70056510000166,POSTO GONZAGAO,"RODOVIA ASA BRANCA BR 122 KM 38,SN",,CENTRO,EXU,PE,Etanol,3.7790,'07/01/2019
686,70056510000166,POSTO GONZAGAO,"RODOVIA ASA BRANCA BR 122 KM 38,SN",,CENTRO,EXU,PE,Diesel S10,3.6090,'07/01/2019
687,72408842000198,ALG POSTO DE ABASTECIMENTO E SERVICOS LTDA,"AVENIDA DOS DEMOCRATICOS,1400",,BONSUCESSO,RIO DE JANEIRO,RJ,Gasolina C Comum,5.0690,'22/04/2019
688,72408842000198,ALG POSTO DE ABASTECIMENTO E SERVICOS LTDA,"AVENIDA DOS DEMOCRATICOS,1400",,BONSUCESSO,RIO DE JANEIRO,RJ,Etanol,4.3990,'22/04/2019
689,72408842000198,ALG POSTO DE ABASTECIMENTO E SERVICOS LTDA,"AVENIDA DOS DEMOCRATICOS,1400",,BONSUCESSO,RIO DE JANEIRO,RJ,GNV,3.1490,'22/04/2019
690,72408842000198,ALG POSTO DE ABASTECIMENTO E SERVICOS LTDA,"AVENIDA DOS DEMOCRATICOS,1400",,BONSUCESSO,RIO DE JANEIRO,RJ,Diesel S10,3.9590,'22/04/2019
691,75474288000135,COMERCIAL DE COMBUSTIVEIS TREZEMAINHENSE LTDA,"AVENIDA ADEMAR GHIZI,SN",,CENTRO,TREZE DE MAIO,SC,Gasolina C Comum,4.4790,'22/08/2018
692,75474288000135,COMERCIAL DE COMBUSTIVEIS TREZEMAINHENSE LTDA,"AVENIDA ADEMAR GHIZI,SN",,CENTRO,TREZE DE MAIO,SC,Etanol,3.9290,'22/08/2018
693,75474288000135,COMERCIAL DE COMBUSTIVEIS TREZEMAINHENSE LTDA,"AVENIDA ADEMAR GHIZI,SN",,CENTRO,TREZE DE MAIO,SC,Diesel S500,3.3290,'22/08/2018
694,80806904000148,POSTOS MAX,"AVENIDA MARINHEIRO MAX SCHRAMM,2586",,ESTREITO,FLORIANOPOLIS,SC,Gasolina C Comum,4.1990,'25/09/2018
695,80806904000148,POSTOS MAX,"AVENIDA MARINHEIRO MAX SCHRAMM,2586",,ESTREITO,FLORIANOPOLIS,SC,Diesel S10,3.4990,'25/09/2018
696,83392050000199,POSTO ZANDONA 12,"RUA DR PEDRO ZIMMERMANN,2600",,ITOUPAVA CENTRAL,BLUMENAU,SC,Gasolina C Comum,4.0970,'25/06/2018
697,83392050000199,POSTO ZANDONA 12,"RUA DR PEDRO ZIMMERMANN,2600",,ITOUPAVA CENTRAL,BLUMENAU,SC,Etanol,3.4970,'25/06/2018
698,83392050000199,POSTO ZANDONA 12,"RUA DR PEDRO ZIMMERMANN,2600",,ITOUPAVA CENTRAL,BLUMENAU,SC,GNV,2.1970,'25/06/2018
699,83392050000199,POSTO ZANDONA 12,"RUA DR PEDRO ZIMMERMANN,2600",,ITOUPAVA CENTRAL,BLUMENAU,SC,Diesel S500,3.4370,'25/06/2018
700,83392050000199,POSTO ZANDONA 12,"RUA DR PEDRO ZIMMERMANN,2600",,ITOUPAVA CENTRAL,BLUMENAU,SC,Diesel S10,3.5370,'25/06/2018
701,83607333000100,POSTO OURO VERDE LTDA,"RUA SANTA CATARINA,616",,CENTRO,OURO VERDE,SC,Gasolina C Comum,4.5800,'29/08/2018
702,83607333000100,POSTO OURO VERDE LTDA,"RUA SANTA CATARINA,616",,CENTRO,OURO VERDE,SC,Diesel S500,3.7900,'29/08/2018
703,83607333000100,POSTO OURO VERDE LTDA,"RUA SANTA CATARINA,616",,CENTRO,OURO VERDE,SC,Diesel S10,3.8900,'29/08/2018
704,84437136000153,POSTO MARECHAL,"AVENIDA MARECHAL DEODORO DA FONSECA,961",,CENTRO,JARAGUA DO SUL,SC,Gasolina C Comum,4.1750,'13/07/2018
705,84437136000153,POSTO MARECHAL,"AVENIDA MARECHAL DEODORO DA FONSECA,961",,CENTRO,JARAGUA DO SUL,SC,Etanol,3.3750,'13/07/2018
706,84437136000153,POSTO MARECHAL,"AVENIDA MARECHAL DEODORO DA FONSECA,961",,CENTRO,JARAGUA DO SUL,SC,Diesel S10,3.3350,'13/07/2018
707,87012050000177,POSTO COOMOCA,"RUA MIGUEL LORETO SOBRINHO,28",ESQUINA COM BR 153,DISTRITO INDUSTRIAL,CACHOEIRA DO SUL,RS,Gasolina C Comum,4.0000,'13/07/2018
708,87012050000177,POSTO COOMOCA,"RUA MIGUEL LORETO SOBRINHO,28",ESQUINA COM BR 153,DISTRITO INDUSTRIAL,CACHOEIRA DO SUL,RS,Etanol,3.0000,'13/07/2018
709,87012050000177,POSTO COOMOCA,"RUA MIGUEL LORETO SOBRINHO,28",ESQUINA COM BR 153,DISTRITO INDUSTRIAL,CACHOEIRA DO SUL,RS,Diesel S500,3.0000,'13/07/2018
710,87012050000177,POSTO COOMOCA,"RUA MIGUEL LORETO SOBRINHO,28",ESQUINA COM BR 153,DISTRITO INDUSTRIAL,CACHOEIRA DO SUL,RS,Diesel S10,3.0000,'13/07/2018
711,91424135000130,ABASTECEDORA TRES AMIGOS LTDA,"RODOVIA BR-116,7455",,ROSELANDIA,NOVO HAMBURGO,RS,Gasolina C Comum,4.5990,'14/07/2018
712,91424135000130,ABASTECEDORA TRES AMIGOS LTDA,"RODOVIA BR-116,7455",,ROSELANDIA,NOVO HAMBURGO,RS,GNV,2.8990,'14/07/2018
713,91424135000130,ABASTECEDORA TRES AMIGOS LTDA,"RODOVIA BR-116,7455",,ROSELANDIA,NOVO HAMBURGO,RS,Diesel S500,3.1990,'14/07/2018
714,91424135000130,ABASTECEDORA TRES AMIGOS LTDA,"RODOVIA BR-116,7455",,ROSELANDIA,NOVO HAMBURGO,RS,Diesel S10,3.2990,'14/07/2018
715,93777456000143,POSTO PAMPEANO II,"AVENIDA PRESIDENTE KENNEDY,185",,VILA BATISTA,CACAPAVA DO SUL,RS,Gasolina C Comum,4.9470,'29/06/2018
716,93777456000143,POSTO PAMPEANO II,"AVENIDA PRESIDENTE KENNEDY,185",,VILA BATISTA,CACAPAVA DO SUL,RS,Etanol,4.1490,'29/06/2018
717,93777456000143,POSTO PAMPEANO II,"AVENIDA PRESIDENTE KENNEDY,185",,VILA BATISTA,CACAPAVA DO SUL,RS,Diesel S500,3.3270,'29/06/2018
718,93777456000143,POSTO PAMPEANO II,"AVENIDA PRESIDENTE KENNEDY,185",,VILA BATISTA,CACAPAVA DO SUL,RS,Diesel S10,3.3940,'29/06/2018
719,98749864000105,FIGUEIRA CENTRO COMERCIO E DERIVADOS DE COMBUSTIVEIS LTDA,"RUA BENTO GONCALVES,1295",,CENTRO,VIAMAO,RS,Gasolina C Comum,4.1990,'01/02/2019
720,98749864000105,FIGUEIRA CENTRO COMERCIO E DERIVADOS DE COMBUSTIVEIS LTDA,"RUA BENTO GONCALVES,1295",,CENTRO,VIAMAO,RS,Diesel S500,3.4490,'01/02/2019
721,98749864000105,FIGUEIRA CENTRO COMERCIO E DERIVADOS DE COMBUSTIVEIS LTDA,"RUA BENTO GONCALVES,1295",,CENTRO,VIAMAO,RS,Diesel S10,3.5990,'01/02/2019
