AVENIDA FILINTO MULLER,645
AVENIDA FILINTO MULLER,645
AVENIDA FILINTO MULLER,645
AVENIDA FILINTO MULLER,645
RODOVIA BR 163,S/N
RODOVIA BR 163,S/N
RODOVIA BR 163,S/N
RODOVIA BR 163,S/N
QUADRA SHC/SUL SQ,315
QUADRA SHC/SUL SQ,315
QUADRA SHC/SUL SQ,315
AVENIDA GUAXENDUBA,200
AVENIDA GUAXENDUBA,200
 LINHA MC-06,6190
 LINHA MC-06,6190
LINHA SME 02,S/N
LINHA SME 02,S/N
RUA EDUARDO SANTOS PEREIRA,601
RUA EDUARDO SANTOS PEREIRA,601
RUA EDUARDO SANTOS PEREIRA,601
RUA EDUARDO SANTOS PEREIRA,601
 LOTE 499 GLEBA 04 PROJ INTEG,S/N
 LOTE 499 GLEBA 04 PROJ INTEG,S/N
 LOTE 499 GLEBA 04 PROJ INTEG,S/N
 LOTE 499 GLEBA 04 PROJ INTEG,S/N
ACESSO BR 316 KM 27,S/N
ACESSO BR 316 KM 27,S/N
ACESSO BR 316 KM 27,S/N
AVENIDA MERCEDES BENZ,01
AVENIDA MERCEDES BENZ,01
AVENIDA MERCEDES BENZ,01
AVENIDA MERCEDES BENZ,01
AVENIDA MERCEDES BENZ,01
RODOVIA BR 040 KM 102,S N
RODOVIA BR 040 KM 102,S N
RODOVIA BR 040 KM 102,S N
RODOVIA BR 040 KM 102,S N
AVENIDA LINO SAMPAIO,83
AVENIDA LINO SAMPAIO,83
AVENIDA LINO SAMPAIO,83
AVENIDA LINO SAMPAIO,83
RODOVIA BR 116,14219
RODOVIA BR 116,14219
RODOVIA BR 116,14219
RUA BAHIA,1408
RUA BAHIA,1408
RUA BAHIA,1408
AVENIDA MANOEL INACIO PEIXOTO,624
AVENIDA MANOEL INACIO PEIXOTO,624
AVENIDA MANOEL INACIO PEIXOTO,624
AVENIDA MANOEL INACIO PEIXOTO,624
RODOVIA BR 343 KM 10,S/N
RODOVIA BR 343 KM 10,S/N
RODOVIA BR 343 KM 10,S/N
RODOVIA BR 343 KM 10,S/N
ESTRADA BR 293 KM 108,SN
ESTRADA BR 293 KM 108,SN
ESTRADA BR 293 KM 108,SN
RODOVIA BR 262,S/N
RODOVIA BR 262,S/N
RODOVIA BR 262,S/N
RODOVIA BR 262,S/N
AVENIDA EDGAR SCHENEIDER,877
AVENIDA EDGAR SCHENEIDER,877
AVENIDA EDGAR SCHENEIDER,877
AVENIDA EDGAR SCHENEIDER,877
RODOVIA BR 232,204
RODOVIA BR 232,204
RODOVIA BR 232,204
RODOVIA BR 232,204
RODOVIA MG 367,S/N
RODOVIA MG 367,S/N
RODOVIA MG 367,S/N
RODOVIA MG 367,S/N
AVENIDA SAO JOSE DOS CAMPOS,2500
AVENIDA SAO JOSE DOS CAMPOS,2500
AVENIDA SAO JOSE DOS CAMPOS,2500
AVENIDA SAO JOSE DOS CAMPOS,2500
RODOVIA RS 040 KM 18,3536
RODOVIA RS 040 KM 18,3536
RODOVIA RS 040 KM 18,3536
RODOVIA RS 040 KM 18,3536
RODOVIA RS 040 KM 18,3536
RUA HEITOR LIBERATO,2430
RUA HEITOR LIBERATO,2430
RUA HEITOR LIBERATO,2430
RODOVIA BR 153,S/N
RODOVIA BR 153,S/N
RODOVIA BR 153,S/N
RODOVIA BR 153,S/N
RODOVIA BR 020,SN
RODOVIA BR 020,SN
RODOVIA BR 020,SN
RODOVIA BR 020,SN
AVENIDA ADELINO AMÉRICO DE AZEVEDO,161/163
AVENIDA ADELINO AMÉRICO DE AZEVEDO,161/163
AVENIDA ADELINO AMÉRICO DE AZEVEDO,161/163
AVENIDA ADELINO AMÉRICO DE AZEVEDO,161/163
AVENIDA VISCONDE DE NOVA GRANADA,1500
AVENIDA VISCONDE DE NOVA GRANADA,1500
RUA CEL OLIVEIRA,786
RUA CEL OLIVEIRA,786
RUA CEL OLIVEIRA,786
RUA CEL OLIVEIRA,786
AVENIDA BERNARDO SAYAO,3160
AVENIDA BERNARDO SAYAO,3160
AVENIDA BERNARDO SAYAO,3160
AVENIDA AFONSO PENA,800
AVENIDA AFONSO PENA,800
AVENIDA AFONSO PENA,800
AVENIDA TANCREDO NEVES,3774
AVENIDA TANCREDO NEVES,3774
AVENIDA TANCREDO NEVES,3774
RODOVIA BR-163,17846
RODOVIA BR-163,17846
RODOVIA BR-163,17846
RODOVIA BR-163,17846
RODOVIA SC-480, CHAPECO GOIO-EN,943
RODOVIA SC-480, CHAPECO GOIO-EN,943
RODOVIA SC-480, CHAPECO GOIO-EN,943
RUA SENADOR SOUZA NAVES,720
RUA SENADOR SOUZA NAVES,720
RUA SENADOR SOUZA NAVES,720
RUA SENADOR SOUZA NAVES,720
AVENIDA BANDEIRANTES,2390
AVENIDA BANDEIRANTES,2390
AVENIDA BANDEIRANTES,2390
AVENIDA BANDEIRANTES,2390
RUA JOSE DE ALENCAR LEITE,37
RUA JOSE DE ALENCAR LEITE,37
RUA JOSE DE ALENCAR LEITE,37
RUA JOSE DE ALENCAR LEITE,37
AVENIDA JK,3525
AVENIDA JK,3525
AVENIDA JK,3525
AVENIDA JK,3525
AVENIDA JOAO BATISTA FIGUEIREDO,2636
AVENIDA JOAO BATISTA FIGUEIREDO,2636
AVENIDA JOAO BATISTA FIGUEIREDO,2636
AVENIDA JOAO BATISTA FIGUEIREDO,2636
AVENIDA ANTONIO JOAQUIM DE MOURA ANDRADE,1100
AVENIDA ANTONIO JOAQUIM DE MOURA ANDRADE,1100
AVENIDA ANTONIO JOAQUIM DE MOURA ANDRADE,1100
AVENIDA ANTONIO JOAQUIM DE MOURA ANDRADE,1100
AVENIDA GOVERNADOR LEONEL DE MOURA BRIZOLA,933B
AVENIDA GOVERNADOR LEONEL DE MOURA BRIZOLA,933B
AVENIDA GOVERNADOR LEONEL DE MOURA BRIZOLA,933B
AVENIDA GOVERNADOR LEONEL DE MOURA BRIZOLA,933B
VIA DE ACESSO PEDRO CARLETTO,500
VIA DE ACESSO PEDRO CARLETTO,500
VIA DE ACESSO PEDRO CARLETTO,500
VIA DE ACESSO PEDRO CARLETTO,500
AVENIDA 22 DE MAIO,2952
AVENIDA 22 DE MAIO,2952
AVENIDA 22 DE MAIO,2952
AVENIDA 22 DE MAIO,2952
AVENIDA 22 DE MAIO,2952
AVENIDA SAO LUIZ,100
AVENIDA SAO LUIZ,100
AVENIDA SAO LUIZ,100
AVENIDA SAO LUIZ,100
RODOVIA AUGUSTO MONTENEGRO,SN
RODOVIA AUGUSTO MONTENEGRO,SN
RODOVIA AUGUSTO MONTENEGRO,SN
RUA EMILIO MOREIRA,1769 B
AVENIDA AIRTON SENA,1284
AVENIDA AIRTON SENA,1284
AVENIDA AIRTON SENA,1284
AVENIDA AIRTON SENA,1284
AVENIDA PORTO VELHO,810
AVENIDA PORTO VELHO,810
AVENIDA PORTO VELHO,810
AVENIDA PORTO VELHO,810
RUA MARIA LUCIA DE CASTRO,25
RUA MARIA LUCIA DE CASTRO,25
RUA MARIA LUCIA DE CASTRO,25
RUA MARIA LUCIA DE CASTRO,25
RUA PINHEIRO MACHADO,83
RUA PINHEIRO MACHADO,83
RUA PINHEIRO MACHADO,83
RUA PINHEIRO MACHADO,83
RUA EMILIA DOS SANTOS,47
RUA EMILIA DOS SANTOS,47
RUA EMILIA DOS SANTOS,47
AVENIDA PREFEITO OLAVO GOMES DE OLIVEIRA,5377
AVENIDA PREFEITO OLAVO GOMES DE OLIVEIRA,5377
AVENIDA PREFEITO OLAVO GOMES DE OLIVEIRA,5377
AVENIDA PREFEITO OLAVO GOMES DE OLIVEIRA,5377
AVENIDA PORTO CARREIRO,1566
AVENIDA PORTO CARREIRO,1566
AVENIDA PORTO CARREIRO,1566
AVENIDA PORTO CARREIRO,1566
RODOVIA BR 163,S/N
RODOVIA BR 163,S/N
RODOVIA BR 163,S/N
RODOVIA BR 163,S/N
RODOVIA BR-364,S/N
RODOVIA BR-364,S/N
ESTRADA L,S/N
ESTRADA L,S/N
ESTRADA L,S/N
ESTRADA L,S/N
RODOVIA MC-03, ESQUINA COM AV. TANCREDO NEVES,2871
RODOVIA MC-03, ESQUINA COM AV. TANCREDO NEVES,2871
RODOVIA MC-03, ESQUINA COM AV. TANCREDO NEVES,2871
RODOVIA MC-03, ESQUINA COM AV. TANCREDO NEVES,2871
RUA JOÃO GUALBERTO,237
RUA JOÃO GUALBERTO,237
RUA JOÃO GUALBERTO,237
RUA LAURO SODRE,520
RUA LAURO SODRE,520
RODOVIA ESTADUAL RS 122,S/N
RODOVIA ESTADUAL RS 122,S/N
RODOVIA ESTADUAL RS 122,S/N
RODOVIA BR-020 KM 87,SN
RODOVIA BR-020 KM 87,SN
RODOVIA BR-020 KM 87,SN
AVENIDA AFONSO PENA,1.650
AVENIDA AFONSO PENA,1.650
AVENIDA AFONSO PENA,1.650
AVENIDA BEIRA MAR,170
AVENIDA BEIRA MAR,170
AVENIDA COSTA E SILVA,14
AVENIDA COSTA E SILVA,14
AVENIDA COSTA E SILVA,14
AVENIDA COSTA E SILVA,14
PRACA MARTINS AFONSO,78
PRACA MARTINS AFONSO,78
PRACA MARTINS AFONSO,78
RODOVIA CUIABA/SANTAREM,S/N
RODOVIA CUIABA/SANTAREM,S/N
RODOVIA CUIABA/SANTAREM,S/N
 SERVIDAO TEODORO EUGENIO DA SILVA,47
 SERVIDAO TEODORO EUGENIO DA SILVA,47
 SERVIDAO TEODORO EUGENIO DA SILVA,47
AVENIDA SANTOS DUMONT,S/N
AVENIDA SANTOS DUMONT,S/N
AVENIDA SANTOS DUMONT,S/N
RUA GUILHERME BATHKE,241
RUA GUILHERME BATHKE,241
RUA GUILHERME BATHKE,241
RUA VEREADOR MARINHO  HEMETERIO OLIVEIRA,1201
RUA VEREADOR MARINHO  HEMETERIO OLIVEIRA,1201
RUA VEREADOR MARINHO  HEMETERIO OLIVEIRA,1201
RUA VEREADOR MARINHO  HEMETERIO OLIVEIRA,1201
RUA PROJETADA,S/N
RUA PROJETADA,S/N
ALAMEDA DR. CARLOS DE CARVALHO,1830
ALAMEDA DR. CARLOS DE CARVALHO,1830
ALAMEDA DR. CARLOS DE CARVALHO,1830
AVENIDA BRASIL,804
AVENIDA BRASIL,804
AVENIDA BRASIL,804
RODOVIA ESTADUAL EDSON QUEIROZ,2474
RODOVIA ESTADUAL EDSON QUEIROZ,2474
RODOVIA ESTADUAL EDSON QUEIROZ,2474
AVENIDA CHANLECER EDSON QUEIROZ,3376
AVENIDA CHANLECER EDSON QUEIROZ,3376
AVENIDA CHANLECER EDSON QUEIROZ,3376
RODOVIA CE 040,SN
RODOVIA CE 040,SN
RODOVIA CE 040,SN
AVENIDA BAHIA,625
AVENIDA BAHIA,625
AVENIDA BAHIA,625
AVENIDA BAHIA,625
AVENIDA CAPITAO SILVIO ESQUINA COM RUA PERIMETRAL LESTE,5303
AVENIDA CAPITAO SILVIO ESQUINA COM RUA PERIMETRAL LESTE,5303
AVENIDA CAPITAO SILVIO ESQUINA COM RUA PERIMETRAL LESTE,5303
SETOR SHC/SUL SQ 214 BLOCO A PAG - LOJA DE CONV. 20,S/N
SETOR SHC/SUL SQ 214 BLOCO A PAG - LOJA DE CONV. 20,S/N
SETOR SHC/SUL SQ 214 BLOCO A PAG - LOJA DE CONV. 20,S/N
SETOR SHC/SUL SQ 214 BLOCO A PAG - LOJA DE CONV. 20,S/N
SETOR SHC/SUL SQ 214 BLOCO A PAG - LOJA DE CONV. 20,S/N
AVENIDA 25 DE AGOSTO,7540
AVENIDA 25 DE AGOSTO,7540
AVENIDA 25 DE AGOSTO,7540
AVENIDA PARQUE NACIONAL DAS EMAS,S/N
AVENIDA PARQUE NACIONAL DAS EMAS,S/N
AVENIDA PARQUE NACIONAL DAS EMAS,S/N
AVENIDA PARQUE NACIONAL DAS EMAS,S/N
AVENIDA JOAO PESSOA,4954
AVENIDA JOAO PESSOA,4954
AVENIDA JOAO PESSOA,4954
RODOVIA BR 304,680
RODOVIA BR 304,680
RODOVIA BR 304,680
RODOVIA BR 304,680
RUA MAXWELL,477
RUA MAXWELL,477
RUA MAXWELL,477
AVENIDA DR MANUEL TELES,474
AVENIDA DR MANUEL TELES,474
AVENIDA DR MANUEL TELES,474
AVENIDA I,SN
AVENIDA I,SN
AVENIDA I,SN
AVENIDA FLORES DA CUNHA,2097
AVENIDA FLORES DA CUNHA,2097
AVENIDA FLORES DA CUNHA,2097
AVENIDA FLORES DA CUNHA,2097
AVENIDA JOSE DE BRITO SOARES,1101
AVENIDA JOSE DE BRITO SOARES,1101
AVENIDA JOSE DE BRITO SOARES,1101
RUA NOVA ZELÂNDIA,2203
RUA NOVA ZELÂNDIA,2203
RUA NOVA ZELÂNDIA,2203
RUA NOVA ZELÂNDIA,2203
AVENIDA SENADOR OLAVO PIRES,1740
AVENIDA SENADOR OLAVO PIRES,1740
AVENIDA SENADOR OLAVO PIRES,1740
ESTRADA RS 389,587
ESTRADA RS 389,587
ESTRADA RS 389,587
RODOVIA RS 389 KM 88 ESTRADA DO MAR,S/N
RODOVIA RS 389 KM 88 ESTRADA DO MAR,S/N
RODOVIA RS 389 KM 88 ESTRADA DO MAR,S/N
AVENIDA GONÇALVES DIAS,3040
AVENIDA GONÇALVES DIAS,3040
AVENIDA GONÇALVES DIAS,3040
AVENIDA ACM,544
AVENIDA ACM,544
AVENIDA ACM,544
RUA PEDRO RODRIGUES,925
RUA PEDRO RODRIGUES,925
RUA PEDRO RODRIGUES,925
RUA PEDRO RODRIGUES,925
AVENIDA WALDOMIRO GARCIA DE OLIVEIRA,35
AVENIDA WALDOMIRO GARCIA DE OLIVEIRA,35
AVENIDA WALDOMIRO GARCIA DE OLIVEIRA,35
AVENIDA WALDOMIRO GARCIA DE OLIVEIRA,35
AVENIDA RUY RODRIGUES,3871
AVENIDA RUY RODRIGUES,3871
AVENIDA RUY RODRIGUES,3871
AVENIDA RUY RODRIGUES,3871
DISTRITO DE SERROTA,S/Nº
DISTRITO DE SERROTA,S/Nº
RUA ALEXANDRE DE GUSMAO,1455
RUA ALEXANDRE DE GUSMAO,1455
RUA JOAO BOSCO MARQUES DE SOUSA,556
RUA JOAO BOSCO MARQUES DE SOUSA,556
AVENIDA PRESIDENTE VARGAS,643
AVENIDA PRESIDENTE VARGAS,643
AVENIDA MANOEL RUZ PERES,2550
AVENIDA MANOEL RUZ PERES,2550
AVENIDA MANOEL RUZ PERES,2550
RUA PIRATININGA,1017
RUA PIRATININGA,1017
RUA MONTE ALEGRE,5800
RUA MONTE ALEGRE,5800
RUA MONTE ALEGRE,5800
RUA MONTE ALEGRE,5800
AVENIDA DUDU FERRAZ,1110
AVENIDA DUDU FERRAZ,1110
AVENIDA DUDU FERRAZ,1110
AVENIDA DUDU FERRAZ,1110
AVENIDA MEAIPE,1373
AVENIDA MEAIPE,1373
AVENIDA MEAIPE,1373
AVENIDA JOÃO DOMICIANO DA COSTA,902
AVENIDA JOÃO DOMICIANO DA COSTA,902
AVENIDA JOÃO DOMICIANO DA COSTA,902
AVENIDA JOÃO DOMICIANO DA COSTA,902
AVENIDA ANTONIO CARLOS RIBEIRO,0
AVENIDA ANTONIO CARLOS RIBEIRO,0
AVENIDA ANTONIO CARLOS RIBEIRO,0
AVENIDA FREI ORESTES GIRARDI,2057
AVENIDA FREI ORESTES GIRARDI,2057
AVENIDA FREI ORESTES GIRARDI,2057
AVENIDA FREI ORESTES GIRARDI,2057
AVENIDA XV DE NOVEMBRO,1071
AVENIDA XV DE NOVEMBRO,1071
AVENIDA XV DE NOVEMBRO,1071
AVENIDA CHANCELER OSVALDO ARANHA,704
AVENIDA CHANCELER OSVALDO ARANHA,704
AVENIDA CHANCELER OSVALDO ARANHA,704
AVENIDA CHANCELER OSVALDO ARANHA,704
AVENIDA GETULIO DORNELLES VARGAS,2404
AVENIDA GETULIO DORNELLES VARGAS,2404
AVENIDA GETULIO DORNELLES VARGAS,2404
RUA FREI GABRIEL,897
RUA FREI GABRIEL,897
RUA FREI GABRIEL,897
RUA FREI GABRIEL,897
RUA FREI GABRIEL,897
RUA JOSE ABEL DE ALMEIDA,SN
RUA JOSE ABEL DE ALMEIDA,SN
RUA JOSE ABEL DE ALMEIDA,SN
RUA JOSE ABEL DE ALMEIDA,SN
AVENIDA 31 DE MARÇO,15
AVENIDA 31 DE MARÇO,15
AVENIDA 31 DE MARÇO,15
RUA ANACLETO DE CARVALHO,260
RUA PORTAO,3890
RUA PORTAO,3890
RUA PORTAO,3890
AVENIDA AYRTON SENNA,850
AVENIDA AYRTON SENNA,850
RUA 21,S/N
RUA 21,S/N
RUA 21,S/N
RUA 21,S/N
AVENIDA TANCREDO NEVES,1163
AVENIDA TANCREDO NEVES,1163
AVENIDA TANCREDO NEVES,1163
RODOVIA BR 020,S/N
RODOVIA BR 020,S/N
RODOVIA BR 020,S/N
RODOVIA BR 020,S/N
RUA VITALINO LUIZ,299
RUA VITALINO LUIZ,299
RUA VITALINO LUIZ,299
AVENIDA ANTONIO JAIME BENEVIDES FILHO,655
AVENIDA ANTONIO JAIME BENEVIDES FILHO,655
AVENIDA ANTONIO JAIME BENEVIDES FILHO,655
AVENIDA ANTONIO JAIME BENEVIDES FILHO,655
RODOVIA BR 369,S/N
RODOVIA BR 369,S/N
RODOVIA BR 369,S/N
AVENIDA PILOTO PEREIRA TIM,1762
AVENIDA PILOTO PEREIRA TIM,1762
AVENIDA PILOTO PEREIRA TIM,1762
AVENIDA PILOTO PEREIRA TIM,1762
RODOVIA BR 364,S/N
RODOVIA BR 364,S/N
RODOVIA BR 364,S/N
RODOVIA BR 364,S/N
AVENIDA MARECHAL LOTT,  ESQ. DEP. ANTONIO LUSTOSA,1475
AVENIDA MARECHAL LOTT,  ESQ. DEP. ANTONIO LUSTOSA,1475
AVENIDA MARECHAL LOTT,  ESQ. DEP. ANTONIO LUSTOSA,1475
AVENIDA MARECHAL LOTT,  ESQ. DEP. ANTONIO LUSTOSA,1475
AVENIDA TAMANDARE,1572
AVENIDA TAMANDARE,1572
AVENIDA TAMANDARE,1572
AVENIDA SANTANA,75
AVENIDA SANTANA,75
AVENIDA SANTANA,75
AVENIDA SANTANA,75
AVENIDA LUCAS NOGUEIRA GARCEZ,370
AVENIDA LUCAS NOGUEIRA GARCEZ,370
AVENIDA LUCAS NOGUEIRA GARCEZ,370
RUA HELENO DE ANDRADE,1154
RUA HELENO DE ANDRADE,1154
RUA HELENO DE ANDRADE,1154
AVENIDA OLIMAR OLIVEIRA RODRIGUES,365
AVENIDA OLIMAR OLIVEIRA RODRIGUES,365
AVENIDA OLIMAR OLIVEIRA RODRIGUES,365
AVENIDA OLIMAR OLIVEIRA RODRIGUES,365
RUA BARAO DO RIO BRANCO,347
RUA BARAO DO RIO BRANCO,347
RUA BARAO DO RIO BRANCO,347
RUA BARAO DO RIO BRANCO,347
RUA MARECHAL RONDON,113
RUA MARECHAL RONDON,113
RUA MARECHAL RONDON,113
AVENIDA MARECHAL RONDON C/22 DE NOVEMBRO,1582
AVENIDA MARECHAL RONDON C/22 DE NOVEMBRO,1582
AVENIDA MARECHAL RONDON C/22 DE NOVEMBRO,1582
AVENIDA MARECHAL RONDON C/22 DE NOVEMBRO,1582
AVENIDA AFONSO PENA,5264
AVENIDA AFONSO PENA,5264
AVENIDA AFONSO PENA,5264
FAZENDA POVOADO LAGOA FUNDA,80
FAZENDA POVOADO LAGOA FUNDA,80
FAZENDA POVOADO LAGOA FUNDA,80
RUA BENJAMIN CONSTANT,461
RUA BENJAMIN CONSTANT,461
RUA BENJAMIN CONSTANT,461
ESTRADA DE VERA CRUZ,S/N
ESTRADA DE VERA CRUZ,S/N
ESTRADA DE VERA CRUZ,S/N
ESTRADA DE VERA CRUZ,S/N
AVENIDA SAPOPEMBA,7046
AVENIDA SAPOPEMBA,7046
AVENIDA SAPOPEMBA,7046
AVENIDA ADOLFO FETTER,1997
AVENIDA ADOLFO FETTER,1997
AVENIDA ADOLFO FETTER,1997
RODOVIA BR 101,S/N
RODOVIA BR 101,S/N
RODOVIA BR 101,S/N
RODOVIA BR 101,S/N
RODOVIA BR 101,S/N
RODOVIA TAPIR ROCHA,17800
RODOVIA TAPIR ROCHA,17800
RODOVIA TAPIR ROCHA,17800
RODOVIA TAPIR ROCHA,17800
PRACA PEDRO LEITE,128
PRACA PEDRO LEITE,128
PRACA PEDRO LEITE,128
PRACA PEDRO LEITE,128
AVENIDA CUPECE,5810
AVENIDA CUPECE,5810
AVENIDA CUPECE,5810
AVENIDA PRESIDENTE VARGAS,357
AVENIDA PRESIDENTE VARGAS,357
AVENIDA PRESIDENTE VARGAS,357
AVENIDA PRESIDENTE VARGAS,357
AVENIDA BRASIL,140
AVENIDA BRASIL,140
AVENIDA BRASIL,140
AVENIDA BRASIL,140
AVENIDA CAMINHO DO MAR,2965
AVENIDA CAMINHO DO MAR,2965
AVENIDA CAMINHO DO MAR,2965
RUA DO GLICERIO,498
RUA DO GLICERIO,498
RODOVIA BA 142,S/N
RODOVIA BA 142,S/N
RODOVIA BA 142,S/N
AVENIDA AFIF JOSE ABDO,37
AVENIDA AFIF JOSE ABDO,37
AVENIDA AFIF JOSE ABDO,37
AVENIDA AFIF JOSE ABDO,37
AVENIDA AFIF JOSE ABDO,37
AVENIDA AYRTON SENNA,1025
AVENIDA AYRTON SENNA,1025
AVENIDA AYRTON SENNA,1025
AVENIDA AYRTON SENNA,1025
AVENIDA EURICO SOARES ANDRADE,1071
AVENIDA EURICO SOARES ANDRADE,1071
AVENIDA EURICO SOARES ANDRADE,1071
AVENIDA EURICO SOARES ANDRADE,1071
ACESSO PLINIO ARLINDO DE NES,3821
ACESSO PLINIO ARLINDO DE NES,3821
ACESSO PLINIO ARLINDO DE NES,3821
RODOVIA SC 355,2010
RODOVIA SC 355,2010
AVENIDA PINHEIRO MACHADO,5826
AVENIDA PINHEIRO MACHADO,5826
AVENIDA PINHEIRO MACHADO,5826
RUA ROSA FERNANDES SILVA,355
RUA ROSA FERNANDES SILVA,355
RUA ROSA FERNANDES SILVA,355
RUA ROSA FERNANDES SILVA,355
RUA SALDANHA MARINHO,1174
RUA SALDANHA MARINHO,1174
RUA SALDANHA MARINHO,1174
AVENIDA TANCREDO NEVES,120
AVENIDA TANCREDO NEVES,120
AVENIDA TANCREDO NEVES,120
AVENIDA BRASILIA,416
AVENIDA BRASILIA,416
AVENIDA BRASILIA,416
RODOVIA FRANCISCO MAGNO VIEIRA,3.950
RODOVIA FRANCISCO MAGNO VIEIRA,3.950
RUA MARTIM AFONSO,700
RUA MARTIM AFONSO,700
RUA MARTIM AFONSO,700
RODOVIA RODOVIA MG 5,765
RODOVIA RODOVIA MG 5,765
RODOVIA RODOVIA MG 5,765
RUA CEARA,1661
RUA CEARA,1661
RUA CEARA,1661
AVENIDA CAPIBARIBE,327
AVENIDA CAPIBARIBE,327
AVENIDA CAPIBARIBE,327
AVENIDA CAPIBARIBE,327
AVENIDA DO POETA,990
AVENIDA DO POETA,990
AVENIDA DO POETA,990
AVENIDA DO POETA,990
RODOVIA MT 320 KM 33,S/N
RODOVIA MT 320 KM 33,S/N
RODOVIA MT 320 KM 33,S/N
RODOVIA MT 320 KM 33,S/N
RUA ALMEIDA,700
RUA ALMEIDA,700
RUA ALMEIDA,700
RUA ALMEIDA,700
RODOVIA MG 5,KM 6
RODOVIA MG 5,KM 6
RODOVIA MG 5,KM 6
RODOVIA MG 5,KM 6
AVENIDA LUIS TANURE,34
AVENIDA LUIS TANURE,34
AVENIDA LUIS TANURE,34
AVENIDA COLUMBIA,540
AVENIDA COLUMBIA,540
AVENIDA COLUMBIA,540
AVENIDA COLUMBIA,540
RUA WALDEMAR RANGRAB,2050
RUA WALDEMAR RANGRAB,2050
RUA WALDEMAR RANGRAB,2050
RUA BARAO DO RIO BRANCO,165
RUA BARAO DO RIO BRANCO,165
RODOVIA MT 320,S/N
RODOVIA MT 320,S/N
RODOVIA MT 320,S/N
RODOVIA MT 320,S/N
RUA CONSELHEIRO PORTELA,210
RUA CONSELHEIRO PORTELA,210
RUA CONSELHEIRO PORTELA,210
RUA MAJOR CARLOS DA SILVA,1131
RUA MAJOR CARLOS DA SILVA,1131
RUA MAJOR CARLOS DA SILVA,1131
RUA MAJOR CARLOS DA SILVA,1131
RUA 21,1380
RUA 21,1380
RUA 21,1380
RUA 21,1380
ESTRADA DE RIBAMAR,11
ESTRADA DE RIBAMAR,11
AVENIDA BRIGADEIRO JOSE VICENTE DE FARIA LIMA,815
AVENIDA BRIGADEIRO JOSE VICENTE DE FARIA LIMA,815
AVENIDA BRIGADEIRO JOSE VICENTE DE FARIA LIMA,815
AVENIDA BRASIL,588
AVENIDA BRASIL,588
AVENIDA JO SATO,802
AVENIDA JO SATO,802
AVENIDA JO SATO,802
AVENIDA JO SATO,802
AVENIDA MARECHAL ALENCASTRO,3571
AVENIDA MARECHAL ALENCASTRO,3571
AVENIDA MARECHAL ALENCASTRO,3571
AVENIDA MARECHAL ALENCASTRO,3571
AVENIDA BRAZ DE PINA,832
AVENIDA BRAZ DE PINA,832
AVENIDA BRAZ DE PINA,832
RUA CONDE DE BONFIM,734
RUA CONDE DE BONFIM,734
RUA CONDE DE BONFIM,734
AVENIDA PASTEUR,S/N
RUA SENADOR VERGUEIRO,9
RUA SENADOR VERGUEIRO,9
AVENIDA PRESIDENTE VARGAS,1460
AVENIDA PRESIDENTE VARGAS,1460
AVENIDA PRESIDENTE VARGAS,1460
AVENIDA PRESIDENTE VARGAS,1460
RUA FLORES DA CUNHA,25
RUA FLORES DA CUNHA,25
RUA FLORES DA CUNHA,25
RUA FLORES DA CUNHA,25
AVENIDA REPORT NESTOR MOREIRA,41
AVENIDA REPORT NESTOR MOREIRA,41
AVENIDA REPORT NESTOR MOREIRA,41
AVENIDA EPITACIO PESSOA,4630
AVENIDA EPITACIO PESSOA,4630
AVENIDA EPITACIO PESSOA,4630
AVENIDA ARAGUAIA,1462
AVENIDA ARAGUAIA,1462
AVENIDA ARAGUAIA,1462
AVENIDA ARAGUAIA,1462
RUA PREFEITO THEOFANES,2691
RUA PREFEITO THEOFANES,2691
RUA PREFEITO THEOFANES,2691
RUA PREFEITO THEOFANES,2691
RUA BENJAMIN CONSTANT,2054
RUA BENJAMIN CONSTANT,2054
RUA BENJAMIN CONSTANT,2054
RUA BENJAMIN CONSTANT,2054
RUA FLORIANO PEIXOTO,1350
RUA FLORIANO PEIXOTO,1350
RUA FLORIANO PEIXOTO,1350
 ETR  MARECHAL ALENCASTRO,3660
 ETR  MARECHAL ALENCASTRO,3660
 ETR  MARECHAL ALENCASTRO,3660
 ETR  MARECHAL ALENCASTRO,3660
 ETR  MARECHAL ALENCASTRO,3660
RODOVIA BR 142,S/N
RODOVIA BR 142,S/N
RODOVIA BR 135,SN
RODOVIA BR 135,SN
RODOVIA BR 135,SN
RUA BELISÁRIO PENA,760
RUA BELISÁRIO PENA,760
RUA BELISÁRIO PENA,760
RUA BELISÁRIO PENA,760
RUA BELISÁRIO PENA,760
AVENIDA IRMAS CINTRA,525
AVENIDA IRMAS CINTRA,525
AVENIDA IRMAS CINTRA,525
AVENIDA JOAO PESSOA,1426
AVENIDA JOAO PESSOA,1426
AVENIDA JOAO PESSOA,1426
AVENIDA JOAO PESSOA,1426
RODOVIA PRESIDENTE DUTRA,S/N
RODOVIA PRESIDENTE DUTRA,S/N
RODOVIA PRESIDENTE DUTRA,S/N
RODOVIA PRESIDENTE DUTRA,S/N
AVENIDA CONSELHEIRO CARRÃO,3481
AVENIDA CONSELHEIRO CARRÃO,3481
AVENIDA CONSELHEIRO CARRÃO,3481
RODOVIA ASA BRANCA BR 122 KM 38,SN
RODOVIA ASA BRANCA BR 122 KM 38,SN
RODOVIA ASA BRANCA BR 122 KM 38,SN
AVENIDA DOS DEMOCRATICOS,1400
AVENIDA DOS DEMOCRATICOS,1400
AVENIDA DOS DEMOCRATICOS,1400
AVENIDA DOS DEMOCRATICOS,1400
AVENIDA ADEMAR GHIZI,SN
AVENIDA ADEMAR GHIZI,SN
AVENIDA ADEMAR GHIZI,SN
AVENIDA MARINHEIRO MAX SCHRAMM,2586
AVENIDA MARINHEIRO MAX SCHRAMM,2586
RUA DR PEDRO ZIMMERMANN,2600
RUA DR PEDRO ZIMMERMANN,2600
RUA DR PEDRO ZIMMERMANN,2600
RUA DR PEDRO ZIMMERMANN,2600
RUA DR PEDRO ZIMMERMANN,2600
RUA SANTA CATARINA,616
RUA SANTA CATARINA,616
RUA SANTA CATARINA,616
AVENIDA MARECHAL DEODORO DA FONSECA,961
AVENIDA MARECHAL DEODORO DA FONSECA,961
AVENIDA MARECHAL DEODORO DA FONSECA,961
RUA MIGUEL LORETO SOBRINHO,28
RUA MIGUEL LORETO SOBRINHO,28
RUA MIGUEL LORETO SOBRINHO,28
RUA MIGUEL LORETO SOBRINHO,28
RODOVIA BR-116,7455
RODOVIA BR-116,7455
RODOVIA BR-116,7455
RODOVIA BR-116,7455
AVENIDA PRESIDENTE KENNEDY,185
AVENIDA PRESIDENTE KENNEDY,185
AVENIDA PRESIDENTE KENNEDY,185
AVENIDA PRESIDENTE KENNEDY,185
RUA BENTO GONCALVES,1295
RUA BENTO GONCALVES,1295
RUA BENTO GONCALVES,1295
